-- phpMyAdmin SQL Dump
-- version 2.10.3
-- http://www.phpmyadmin.net
-- 
-- Host: localhost
-- Generation Time: Jan 31, 2017 at 10:47 AM
-- Server version: 5.0.51
-- PHP Version: 5.2.6

SET SQL_MODE="NO_AUTO_VALUE_ON_ZERO";

-- 
-- Database: `dbhelp`
-- 

-- --------------------------------------------------------

-- 
-- Table structure for table `dep`
-- 

CREATE TABLE `dep` (
  `dep_id` int(11) NOT NULL auto_increment,
  `dep_name` varchar(30) NOT NULL,
  PRIMARY KEY  (`dep_id`)
) ENGINE=MyISAM  DEFAULT CHARSET=utf8 AUTO_INCREMENT=23 ;

-- 
-- Dumping data for table `dep`
-- 

INSERT INTO `dep` VALUES (1, 'Management');
INSERT INTO `dep` VALUES (2, 'Accounting & Finance');
INSERT INTO `dep` VALUES (3, 'Purchase');
INSERT INTO `dep` VALUES (4, 'Marketing');
INSERT INTO `dep` VALUES (5, 'Research & Development');
INSERT INTO `dep` VALUES (6, 'Information Technology');
INSERT INTO `dep` VALUES (7, 'Business Unit 1');
INSERT INTO `dep` VALUES (8, 'Business Unit 2');
INSERT INTO `dep` VALUES (9, 'Tension Membrane');
INSERT INTO `dep` VALUES (10, 'Coil Coating Sales');
INSERT INTO `dep` VALUES (11, 'Export Sales');
INSERT INTO `dep` VALUES (12, 'Production 1');
INSERT INTO `dep` VALUES (13, 'Production 2');
INSERT INTO `dep` VALUES (14, 'Human Resources');
INSERT INTO `dep` VALUES (15, 'Warehouse');
INSERT INTO `dep` VALUES (16, 'Quality Assurance');
INSERT INTO `dep` VALUES (17, 'Engineering');

-- --------------------------------------------------------

-- 
-- Table structure for table `job`
-- 

CREATE TABLE `job` (
  `job_id` int(11) NOT NULL auto_increment,
  `job_fname` varchar(30) NOT NULL,
  `job_lname` varchar(30) NOT NULL,
  `ref_dep_id` int(11) NOT NULL,
  `job_tel` int(10) NOT NULL,
  `email` varchar(100) character set utf8 collate utf8_unicode_ci NOT NULL,
  `ref_type_id` int(11) NOT NULL,
  `job_detail` text NOT NULL,
  `job_date` date NOT NULL,
  `timerq` time NOT NULL,
  `job_update` date NOT NULL,
  `timerp` time NOT NULL,
  `job_status` varchar(8) NOT NULL,
  `job_ans` text NOT NULL,
  `job_ansn` varchar(30) NOT NULL,
  `job_remark` text NOT NULL,
  PRIMARY KEY  (`job_id`)
) ENGINE=MyISAM  DEFAULT CHARSET=utf8 AUTO_INCREMENT=604 ;

-- 
-- Dumping data for table `job`
-- 

INSERT INTO `job` VALUES (1, 'พรวิภา', 'จันทร์ลา', 14, 38, 'pornvipa@fameline.com', 1, 'ลงโปรแกรม  Photoshop  ', '2015-09-02', '11:32:31', '2015-09-02', '11:34:54', 'Complete', 'ติดตั้งเรียบร้อยแล้วครับ ทำ Shortcut ไว้ที่ Desktop ให้แล้ว', 'Promtep Maturapilas (เม่น)', 'หากติดปัญหา หรือมีข้อสงสัยเพิ่มเติม กรุณาโทร 202 ฝ่าย IT');
INSERT INTO `job` VALUES (2, 'สุรจิตร', 'จิตสัจจะ', 15, 87, 'Surajit [surajit@fameline.com]', 2, 'เข้า ERP ไม่ได้ โปรแกรมให้โหลด JAVA', '2015-09-04', '08:19:59', '2015-09-04', '15:04:27', 'Complete', 'ดำเนินการให้เรียบร้อยแล้วครับ\r\n อัปเดท JAVA ', 'Promtep Maturapilas (เม่น)', 'หากติดปัญหา หรือมีข้อสงสัยเพิ่มเติม กรุณาโทร 202 ฝ่าย IT');
INSERT INTO `job` VALUES (3, 'Sunanta', 'Jansom', 11, 123, 'sunanta@fameline.com ', 5, 'รบกวนแก้ไข email จาก sharad@fameline.com เป็น sharath@fameline.com ให้ด้วยค่ะ ', '2015-09-04', '14:41:36', '2015-09-04', '15:04:47', 'Complete', 'ดำเนินการให้เรียบร้อยแล้วครับ', 'Promtep Maturapilas (เม่น)', 'หากติดปัญหา หรือมีข้อสงสัยเพิ่มเติม กรุณาโทร 202 ฝ่าย IT');
INSERT INTO `job` VALUES (4, 'Chuthamas', 'Chanchad', 14, 102, 'chuthamas@fameline.com', 3, 'รบกวนเปลี่ยน Link HRM. คะ เนื่องจาก มีการเปลี่ยน IP Server    น่าจะทำให้พนักงานใช่งานไม่ได้', '2015-09-07', '09:43:59', '2015-09-09', '08:11:54', 'Pending', 'รับทราบ อยู่ระหว่างการแก้ไขครับ', 'Promtep Maturapilas (เม่น)', 'หากติดปัญหา หรือมีข้อสงสัยเพิ่มเติม กรุณาโทร 202 ฝ่าย IT');
INSERT INTO `job` VALUES (5, 'ภูวนัย', 'อาจหาญ', 13, 868499089, 'poolwanai@fameline.com', 5, 'รบกวนทาง IT ช่วยเพิ่มรายชื่อmail poolwanai ใน All user in Fameline Groups ด้วยครับ', '2015-09-07', '16:31:12', '2015-09-09', '08:11:35', 'Complete', 'ดำเนินการให้เรียบร้อยครับ', 'Promtep Maturapilas (เม่น)', 'หากติดปัญหา หรือมีข้อสงสัยเพิ่มเติม กรุณาโทร 202 ฝ่าย IT');
INSERT INTO `job` VALUES (6, 'ภูวนัย', 'อาจหาญ', 13, 868499089, 'poolwanai@fameline.com', 3, 'เร้าเตอร์ WIFI ใช้งานไม่ได้ โรงงาน2', '2015-09-08', '16:51:10', '2015-09-09', '08:12:21', 'Pending', 'รับทราบครับ อยู่ระหว่างการแก้ไขครับ', 'Promtep Maturapilas (เม่น)', 'หากติดปัญหา หรือมีข้อสงสัยเพิ่มเติม กรุณาโทร 202 ฝ่าย IT');
INSERT INTO `job` VALUES (7, 'อิทธิพล', 'เลิศประเสริฐ', 13, 822116128, 'itthipol@fameline.com', 1, 'ไม่มี IP ในการต่อเซิฟเวอร์ เช็คสายแลน์แล้วปกติดีครับ ไอคอนต่อแลนขึ้นเครื่องหมายตกใจครับ ', '2015-09-09', '08:11:31', '2015-09-09', '08:14:06', 'Complete', 'ทำการ Restart เครื่องใหม่ จะเข้าใช้งานได้ปกติครับ', 'Promtep Maturapilas (เม่น)', 'หากติดปัญหา หรือมีข้อสงสัยเพิ่มเติม กรุณาโทร 202 ฝ่าย IT');
INSERT INTO `job` VALUES (8, 'Sunanta', 'Jansom', 11, 123, 'sunanta@fameline.com', 5, 'email : sarath@fameline.com ที่เพิ่ง add ใหม่\r\nlogin ไม่ได้ค่ะ\r\n"The server responded:- ERR [AUTH] Authentication failed "\r\nรบกวนตรวจสอบด้วยนะคะ ', '2015-09-09', '13:37:44', '2015-09-09', '15:34:54', 'Complete', 'ดำเนินการเรียบร้อยครับ', 'Promtep Maturapilas (เม่น)', 'หากติดปัญหา หรือมีข้อสงสัยเพิ่มเติม กรุณาโทร 202 ฝ่าย IT');
INSERT INTO `job` VALUES (9, 'สถิตย์ภรณ์', 'เรือนดี', 14, 841067383, 'satitporn@fameline.com', 1, 'รบกวนรวบรวมไฟล์วีดีโอเครื่องพี่ขิงให้หน่อยค่ะ', '2015-09-09', '17:14:26', '2015-09-10', '08:21:17', 'Complete', 'แนะนำว่าไม่ต้องรวมครับ จะทำให้ไฟล์มีขนาดใหญ่เปล่าๆครับ\r\n\r\n- สามารถไรท์ลงแผ่นได้ตามปกติ แค่เรียงจากลำดับไฟล์\r\n- เปิดดูได้ตามปกติ แค่เรียงจากลำดับไฟล์\r\n- Copy ส่งต่อได้ง่ายกว่า เพราะไฟล์ขนาดเล็กกว่า', 'Promtep Maturapilas (เม่น)', 'หากติดปัญหา หรือมีข้อสงสัยเพิ่มเติม กรุณาโทร 202 ฝ่าย IT');
INSERT INTO `job` VALUES (10, 'มุลทยา', 'ศรีนอ', 4, 830778648, 'multhaya@fameline.com', 4, 'รบกวนแอดเครื่องปริ้นห้องคลังเพิ่มให้ด้วยค่ะ\r\n\r\n\r\nขอบคุณค่ะ', '2015-09-10', '09:18:19', '2015-09-10', '13:28:05', 'Complete', 'ดำเนินการเรียบร้อยแล้วครับ', 'Promtep Maturapilas (เม่น)', 'หากติดปัญหา หรือมีข้อสงสัยเพิ่มเติม กรุณาโทร 202 ฝ่าย IT');
INSERT INTO `job` VALUES (11, 'มณฑิชา', 'จำปาศรี', 17, 800063680, 'monticha@fameline.com', 1, 'คอมพิวเตอร์  IP 127.0.1  ไม่สามารถเชื่อมต่ออินเตอร์เนตได้ค่ะ', '2015-09-10', '11:27:50', '2015-09-10', '13:27:44', 'Complete', 'แนะนำการแก้ไขให้เรียบร้อยแล้วครับ', 'Promtep Maturapilas (เม่น)', 'หากติดปัญหา หรือมีข้อสงสัยเพิ่มเติม กรุณาโทร 202 ฝ่าย IT');
INSERT INTO `job` VALUES (12, 'ฐนิษตา ', 'ขาวเกตุ', 7, 86, 'tanita@fameline.com ', 1, 'รบกวนมาลง โปรแกรม Auto Cad  ให้เครื่อง Sales คุณอนัญชนา  Sales ขายทีม BU1 คะ ', '2015-09-10', '13:42:53', '2015-09-11', '09:41:38', 'Complete', 'ดำเนินการติดตั้งให้เรียบร้อยแล้วครับ', 'Promtep Maturapilas (เม่น)', 'หากติดปัญหา หรือมีข้อสงสัยเพิ่มเติม กรุณาโทร 202 ฝ่าย IT');
INSERT INTO `job` VALUES (13, 'patticha', 'naikorn', 13, 863397639, 'patticha@fameline.com', 4, 'SCAN งานจากเครื่องปริ้นเตอร์ 6525MFP แล้วไม่สามารถเปิดดูได้ รบกวนช่วยแก้ไขให้ด้วยค่ะ', '2015-09-11', '09:39:31', '2015-09-11', '09:42:34', 'Complete', 'ดำเนินการให้เรียบร้อยแล้วครับ', 'Promtep Maturapilas (เม่น)', 'หากติดปัญหา หรือมีข้อสงสัยเพิ่มเติม กรุณาโทร 202 ฝ่าย IT');
INSERT INTO `job` VALUES (14, 'ปนัดดา', 'เกตูหนองโพธิ์', 16, 909786621, 'dcc@fameline', 4, 'รบกวนทาง It ช่วยเข้ามา SET เครื่องปริ้นเตอร์ IP:192.168.1.131 ให้ด้วยค่ะ เนื่องจากปริ้นงานไม่ออกค่ะ ขอบคุณค่ะ', '2015-09-11', '13:52:56', '2015-09-11', '15:39:02', 'Complete', 'ดำเนินการให้เรียบร้อยแล้วครับ', 'Promtep Maturapilas (เม่น)', 'หากติดปัญหา หรือมีข้อสงสัยเพิ่มเติม กรุณาโทร 202 ฝ่าย IT');
INSERT INTO `job` VALUES (15, 'ฐนิษตา', 'ขาวเกตุ', 7, 86, 'tanita@fameline.com', 1, ' 1 รบกวนมาทำให้เครื่อง คุณ อนัญชนา มองเห็น  Folder SALE_BU1 (win0801) \r\n2. เครื่องคุณอนัญชนา เปิดเครื่อง ไม่ได้  ', '2015-09-12', '09:07:28', '2015-09-12', '09:09:14', 'Complete', 'ดำเนินการให้เรียบร้อยแล้วครับ ', 'Promtep Maturapilas (เม่น)', 'หากติดปัญหา หรือมีข้อสงสัยเพิ่มเติม กรุณาโทร 202 ฝ่าย IT');
INSERT INTO `job` VALUES (16, 'Duentem', 'Paijaroen', 12, 89, 'duentem@fameline.com', 1, 'โปรแกรม ber tender ใช้สำหรับทำแทร็กติดชิ้นงานส่งให้ลูกค้าไม่สามารถใช้งานได้ \r\nIP 192.168.1.44\r\n\r\nรบกวนขอด่วนหน่อยคะ เพราะลูกค้าจะมารับงานตอนบ่าย\r\n', '2015-09-12', '10:01:29', '2015-09-14', '08:13:38', 'Complete', 'ทำกาาติดตั้งใหม่เรียบร้อยแล้ว', 'Promtep Maturapilas (เม่น)', 'หากติดปัญหา หรือมีข้อสงสัยเพิ่มเติม กรุณาโทร 202 ฝ่าย IT');
INSERT INTO `job` VALUES (17, 'Natdanai', 'Titayannapong', 5, 126, 'natdanai@fameline.com', 1, 'รบกวน Activated Microsoft Office ให้ด้วยครับ', '2015-09-14', '09:12:20', '2015-09-14', '09:25:01', 'Complete', 'ทำการ Ativat ให้เรียบร้อยครับ', 'Promtep Maturapilas (เม่น)', 'หากติดปัญหา หรือมีข้อสงสัยเพิ่มเติม กรุณาโทร 202 ฝ่าย IT');
INSERT INTO `job` VALUES (18, 'tanita', 'kaoket ', 7, 86, 'tanita@fameline.com', 1, ' นาฬิกา หน้าจอเครื่อง เดินผิดเวลาคะ ( ช้ากว่าปกติ ) ', '2015-09-14', '09:30:00', '2015-09-14', '10:34:17', 'Complete', 'Remote ไปทำการเปลี่ยนเวลาให้เรียบร้อยแล้วครับ', 'Promtep Maturapilas (เม่น)', 'หากติดปัญหา หรือมีข้อสงสัยเพิ่มเติม กรุณาโทร 202 ฝ่าย IT');
INSERT INTO `job` VALUES (19, 'Chanthima', 'Pametho', 16, 82, 'chanthima@fameline.com', 4, 'รบกวนช่วย Set ปริ้นเตอร์ให้หน่อยค่ะ\r\nเนื่องจากปริ้นงานไม่ได้ค่ะ\r\nIP: 192.168.1.129\r\n', '2015-09-14', '09:30:16', '2015-09-14', '10:34:40', 'Complete', 'Remote ไปติดตั้ง Driver ให้เรียบร้อยแล้วครับ', 'Promtep Maturapilas (เม่น)', 'หากติดปัญหา หรือมีข้อสงสัยเพิ่มเติม กรุณาโทร 202 ฝ่าย IT');
INSERT INTO `job` VALUES (20, 'Chanthima', 'Pametho', 16, 82, 'chanthima@famelime.com', 3, 'รบกวนปลดล็อก ไดรว์แชร์ //win0802 ให้ด้วยค่ะ เนื่องจากไม่สามารถเข้าใช้งานได้\r\nIP: 192.168.1.129 จันทิมา\r\nIP: 192.168.1.106 ปนัดดา\r\nIP: 192.168.1.147 พรเทพ', '2015-09-14', '10:41:30', '2015-09-14', '10:44:49', 'Complete', 'ใส่ชื่อที่ใช้เข้าเครื่อง และรหัสเข้าเครื่อง ก็จะเข้าได้ตามปกติครับ', 'Promtep Maturapilas (เม่น)', 'หากติดปัญหา หรือมีข้อสงสัยเพิ่มเติม กรุณาโทร 202 ฝ่าย IT');
INSERT INTO `job` VALUES (21, 'ภูวนัย', 'อาจหาญ', 13, 868499089, 'poolwanai@fameline.com', 3, 'WIFI มีปัญหาใช้งานไม่ได้ FL2 ระบบสาย LAN ใช้ได้ปกติครับ', '2015-09-15', '16:20:47', '2015-09-16', '08:22:15', 'Pending', 'รับทราบครับ จะรีบดำเนินการแก้ไขให้โดยด่วนครับ', 'Promtep Maturapilas (เม่น)', 'หากติดปัญหา หรือมีข้อสงสัยเพิ่มเติม กรุณาโทร 202 ฝ่าย IT');
INSERT INTO `job` VALUES (22, 'Duentem', 'Paijaroen', 12, 89, 'duentem@fameline.com', 3, 'รบกวนกู้ไฟล์ให้ด้วยคะ ตามlink ด้านล่าง\r\n\\\\win0802\\FACTORY_ON\\P1_INTERNAL\\ใบสั่งผลิต\\งานแผนกผลิตปี_2558\\kPI  แผนกชุบสี  2558\\09 - KPI แผนกชุบสี   2558\r\n\\\\win0802\\FACTORY_ON\\P1_INTERNAL\\ใบสั่งผลิต\\งานแผนกผลิตปี_2558\\แผนการทำ  OT  แผนกผลิต 1\r\n\\\\win0802\\FACTORY_ON\\P1_INTERNAL\\ใบสั่งผลิต\\งานแผนกผลิตปี_2558\\รายละเอียดการใช้แก๊ส', '2015-09-16', '11:02:02', '2015-09-16', '12:02:43', 'Complete', 'ดำเนินการให้เรียบร้อยแล้วครับ\r\n\r\n* แผนการทำ OT แผนกผลิต 1 ไม่มีไฟล์ตั้งแต่เดือน 2 แล้วนะครับ', 'Promtep Maturapilas (เม่น)', 'หากติดปัญหา หรือมีข้อสงสัยเพิ่มเติม กรุณาโทร 202 ฝ่าย IT');
INSERT INTO `job` VALUES (23, 'Duentem', 'Paijaroen', 12, 89, 'duentem@fameline.com', 1, 'กู้ไฟล์ตาม link ด้านล่างคะ พอจะมีวิธีอะไรที่ทำให้ไฟล์ไม่ถูกลบหรือว่าวิธีที่หาคนลบได้บ้างคะ \r\n\r\n\\\\win0802\\FACTORY_ON\\P1_INTERNAL\\ใบสั่งผลิต\\งานแผนกผลิตปี_2558\\kPI  แผนกชุบสี  2558\\09 - KPI แผนกชุบสี   2558\r\n\r\n\\\\win0802\\FACTORY_ON\\P1_INTERNAL\\ใบสั่งผลิต\\งานแผนกผลิตปี_2558\\รายละเอียดการใช้แก๊ส', '2015-09-17', '09:07:04', '2015-09-17', '13:28:08', 'Complete', 'ดำเนินการให้เรียบร้อยแล้วครับ', 'Promtep Maturapilas (เม่น)', 'หากติดปัญหา หรือมีข้อสงสัยเพิ่มเติม กรุณาโทร 202 ฝ่าย IT');
INSERT INTO `job` VALUES (24, 'สถิตย์ภรณ์', 'เรือนดี', 14, 102, 'satitporn@fameline.com', 1, 'เครื่องของฝ่ายHRเข้าระบบ Tigher E-HR ไม่ได้', '2015-09-17', '11:59:24', '2015-09-17', '13:22:57', 'Complete', 'ดำเนินการแก้ไขเรียบร้อยครับ', 'Promtep Maturapilas (เม่น)', 'หากติดปัญหา หรือมีข้อสงสัยเพิ่มเติม กรุณาโทร 202 ฝ่าย IT');
INSERT INTO `job` VALUES (25, 'จินวดี', 'อินพล', 14, 810723784, 'jinwadee@fameline.com', 1, '1. เข้าระบบ ERP ไม่ได้\r\n2. ลงโปรแกรม PDF ใหม่', '2015-09-18', '08:19:17', '2015-09-19', '08:23:41', 'Complete', 'ดำเนินการแกไขให้เรียบร้อยครับ\r\n\r\n - Remote เข้าไปติดตั้ง Acrobat ให้เรียบร้อยครับ', 'Promtep Maturapilas (เม่น)', 'หากติดปัญหา หรือมีข้อสงสัยเพิ่มเติม กรุณาโทร 202 ฝ่าย IT');
INSERT INTO `job` VALUES (26, 'Chuthamas', 'Chanchad', 14, 102, 'chuthamas@fameline.com', 1, 'รบกวนดูโปรแกรมแสกนนิ้วให้หน่อยคะ  ดึงเวลาไม่ได้หน้าจอมันแปลกไป    เปิดใช้ครั้งสุท้ายวันที่ 16/9/2015  ยังใช้ได้ปกติ', '2015-09-18', '08:49:27', '2015-09-18', '11:09:28', 'Complete', 'ดำเนินการเรียบร้อยแล้วครับ\r\n\r\nแก้รายละเอียดเครื่องสแกนนิ้วใหม่', 'Promtep Maturapilas (เม่น)', 'หากติดปัญหา หรือมีข้อสงสัยเพิ่มเติม กรุณาโทร 202 ฝ่าย IT');
INSERT INTO `job` VALUES (27, 'chanthima', 'pametho', 16, 108, 'chanthima@fameline.com', 3, 'คอมพิวเตอร์ IP : 192.168.1.147 คุณพรเทพ\r\nไม่สามารถเชื่อมต่ออินเตอเนต Network อื่นๆได้ นอกเหนือจาก Famelinegroups7 ค่ะ\r\nรบกวนช่วยแก้ไขหรือแนะนำค่ะ', '2015-09-19', '09:35:00', '2015-09-19', '10:31:35', 'Complete', 'สามารถเชื่อมต่อได้แล้ว', 'Promtep Maturapilas (เม่น)', 'หากติดปัญหา หรือมีข้อสงสัยเพิ่มเติม กรุณาโทร 202 ฝ่าย IT');
INSERT INTO `job` VALUES (28, 'Chuthamas', 'Chanchad', 14, 102, 'chuthamas@fameline.com', 3, 'ต้องการให้สอนวิธ๊แก้ไขการดึงข้อมูลออกมาจากเครื่องแสกนนิ้ง  ให้เป็น 10003 15/09/2015 07:57:14   ตอนนี้ เป็น 10003 18/Sep/2015 11:46:35   .ใช่ไม่ได้คะ', '2015-09-19', '10:40:42', '2015-09-19', '10:56:14', 'Complete', 'Remote เข้าไปแก้ไขให้เรียบร้อยครับ', 'Promtep Maturapilas (เม่น)', 'หากติดปัญหา หรือมีข้อสงสัยเพิ่มเติม กรุณาโทร 202 ฝ่าย IT');
INSERT INTO `job` VALUES (29, 'varinporn', 'sa-nguanram', 14, 100, 'varinporn@fameline.com', 3, 'ระบบอินเตอร์เน็ต หลุดบ่อยมาก รบกวนดำเนินการแก้ไขให้ด้วยค่ะ', '2015-09-22', '09:13:24', '2015-09-23', '10:19:27', 'Complete', 'เป็นที่ระบบ Network ครับ ดำเนินการแก้ไขให้แล้ว', 'Promtep Maturapilas (เม่น)', 'หากติดปัญหา หรือมีข้อสงสัยเพิ่มเติม กรุณาโทร 202 ฝ่าย IT');
INSERT INTO `job` VALUES (30, 'varinporn', 'sa-nguanram', 14, 100, 'varinporn@fameline.com', 3, 'ไม่สามารถเข้า \\\\Win0801 ได้ค่ะ', '2015-09-22', '10:23:33', '2015-09-23', '10:19:45', 'Complete', 'เป็นที่ระบบ Network ครับ ดำเนินการแก้ไขให้แล้ว', 'Promtep Maturapilas (เม่น)', 'หากติดปัญหา หรือมีข้อสงสัยเพิ่มเติม กรุณาโทร 202 ฝ่าย IT');
INSERT INTO `job` VALUES (31, 'multhaya', 'srinor', 4, 830778648, 'multhaya@fameline.com', 1, 'รบกวนทาง IT ลงโปรแกรม AI ที่เครื่องเจ ด้วยค่ะ (เอาเป็นแบบที่อ่าน/ดู ได้อย่างเดียวค่ะ) เจต้องใช้โปรแกรมนี้สำหรับงาน Catalog & Ad  โฆษณาค่ะ', '2015-09-23', '09:48:17', '2015-09-23', '11:13:09', 'Complete', 'ติดตั้งให้เรียบร้อยครับ', 'Promtep Maturapilas (เม่น)', 'หากติดปัญหา หรือมีข้อสงสัยเพิ่มเติม กรุณาโทร 202 ฝ่าย IT');
INSERT INTO `job` VALUES (32, 'Chuthamas', 'Chanchad', 14, 102, 'chuthamas@fameline.com', 3, 'ดึงเวลาจากเครื่องแสกนนิ้วฝั่งเทพารักษ์ไม่ได้คะ', '2015-09-24', '10:54:24', '2015-09-25', '10:11:20', 'Complete', 'สายไฟตัวที่ต่ออุปกรณ์ไหม้ครับ ดำเนินการเปลี่ยนให้เรียบร้อยแล้วครับ', 'Promtep Maturapilas (เม่น)', 'หากติดปัญหา หรือมีข้อสงสัยเพิ่มเติม กรุณาโทร 202 ฝ่าย IT');
INSERT INTO `job` VALUES (33, 'manassamit', 'kloyeam', 3, 120, 'manassamit@fameline.com', 4, 'Printer have the problem, can''t print,\r\nThis is the old problem, Please find the way to solve this problem, we don''t want it happen again,\r\nBest Regards,\r\nPei ', '2015-09-24', '13:58:41', '2015-09-25', '08:15:21', 'Complete', '8.00 น. ทดสอบการ Print ก็สามารถใช้งานได้ตามปกตินะครับ\r\nหากพบปัญหากรุณาแจ้งอีกครั้งครับ', 'Promtep Maturapilas (เม่น)', 'หากติดปัญหา หรือมีข้อสงสัยเพิ่มเติม กรุณาโทร 202 ฝ่าย IT');
INSERT INTO `job` VALUES (34, 'Duentem', 'Paijaroen', 12, 89, 'duentem@fameline.com', 3, 'ขอสาย LAN ยาว 2 เมตร ใช้สำหรับเครื่อง pun  ', '2015-09-25', '08:35:04', '2015-09-25', '10:12:18', 'Complete', 'ดำเนินการให้เรียบร้อยแล้วครับ', 'Promtep Maturapilas (เม่น)', 'หากติดปัญหา หรือมีข้อสงสัยเพิ่มเติม กรุณาโทร 202 ฝ่าย IT');
INSERT INTO `job` VALUES (35, 'Sirichai', 'Kordcunta', 12, 899388528, 'sirichai@fameline.com', 4, 'ปริ้นงานไม่ได้ ที่เครื่องปริ้นแจ้งสถานะ\r\nJob Accounting restriction exceeded.', '2015-09-25', '11:56:21', '2015-09-25', '14:08:01', 'Complete', 'แก้ไขเรียบร้อยแล้ว เครื่องพริ้นเตอร์ตั้งไว้เป็นให้พริ้นงานสีครับ', 'Promtep Maturapilas (เม่น)', 'หากติดปัญหา หรือมีข้อสงสัยเพิ่มเติม กรุณาโทร 202 ฝ่าย IT');
INSERT INTO `job` VALUES (37, 'Duentem', 'Paijaroen', 12, 89, 'duentem@fameline.com', 1, 'ช่วยลงโปรแกรม Bar Tender ให้ใหม่ด้วยคะ \r\nใช้สำหรับทำแทรคติดชิ้นงาน', '2015-09-26', '13:35:42', '2015-09-28', '10:56:30', 'Complete', 'ดำเนินการแก้ไขให้เรียบร้อบครับ', 'Promtep Maturapilas (เม่น)', 'หากติดปัญหา หรือมีข้อสงสัยเพิ่มเติม กรุณาโทร 202 ฝ่าย IT');
INSERT INTO `job` VALUES (36, 'manassamit', 'kloyeam', 3, 120, 'manassamit@fameline.com', 4, 'แจ้งปัญหาการปริ๊นไม่ได้, ปัญหาเดิมคะ่\r\nจัดซื้อมีอยู่ 4 ท่าน, บางทีก็เวียนกันปริ๊นไม่ได้\r\nสลับสายตามคำแนะนำแล้ว ก็ทำไม่ได้ค่ะ', '2015-09-25', '13:48:31', '2015-09-25', '14:07:34', 'Complete', 'อาการที่พริ้นไม่ได้ เนื่องจากมีงานที่สั่งไป Error ค้างอยู่ เมื่อทำการลบงานที่ค้างออก ทุกเครื่องก็สามารถพริ้นได้ตามปกติครับ', 'Promtep Maturapilas (เม่น)', 'หากติดปัญหา หรือมีข้อสงสัยเพิ่มเติม กรุณาโทร 202 ฝ่าย IT');
INSERT INTO `job` VALUES (38, 'nantaporn', 'komking', 15, 133, 'nantaporn@fameline.com', 4, 'เครื่องปริ้นสติ๊กเกอร์ บาร์โค๊ท ใช้งานไม่ได้คะ \r\nจะทำใบกำกับสินค้าที่Supp.มาส่งคะ.', '2015-09-28', '10:46:56', '2015-09-29', '08:30:51', 'Hold', 'เนื่องอุปกรณ์ของระบบ Network มีปัญหา ทำให้ IP เครือ่งเปลี่ยนตลอดเวลา จึงไม่สามารถตั้งเครื่องพริ้นให้ได้ครับ รบกวนรอประมาณ 5-7 วัน ถ้าอุปกรณ์ซ่อมเสร็จจะติดตั้งให้ใช้งานตามปกติครับ', 'Promtep Maturapilas (เม่น)', 'หากติดปัญหา หรือมีข้อสงสัยเพิ่มเติม กรุณาโทร 202 ฝ่าย IT');
INSERT INTO `job` VALUES (39, 'Trittamon', 'Muangchan', 2, 125, 'trittamon@fameline.com', 5, 'เนื่องจากบัญชีมีพนักงานใหม่ จะขอให้สร้างเมล์ให้\r\nและสับเปลี่ยนกล่องคะ', '2015-09-29', '09:26:18', '2015-09-29', '13:40:32', 'Complete', 'ดำเนินการเรียบร้อยแล้วครับ', 'Promtep Maturapilas (เม่น)', 'หากติดปัญหา หรือมีข้อสงสัยเพิ่มเติม กรุณาโทร 202 ฝ่าย IT');
INSERT INTO `job` VALUES (40, 'มณฑิชา', 'จำปาศรี', 17, 800063680, 'monticha@fameline.com', 5, '- แจ้งทำ E-Mail\r\n- ลงโปรแกรม ERP\r\n\r\nพนักงานใหม่ค่ะ', '2015-09-29', '11:57:04', '2015-09-30', '09:23:03', 'Pending', 'ขอรายละเอียดเพิ่มด้วยครับ\r\n- ชื่อพนักงาน ภาษาไทย ภาษาอังกฤษ\r\n- เครื่องต้องการใช้งาน เป็นเครื่องใครครับ?\r\n- หมายเลข IP', 'Promtep Maturapilas (เม่น)', 'หากติดปัญหา หรือมีข้อสงสัยเพิ่มเติม กรุณาโทร 202 ฝ่าย IT');
INSERT INTO `job` VALUES (41, 'จิตรา', 'ใจเพ็ชร', 2, 125, 'jittra@fameline.com', 5, 'รบกวนสร้างอีเมล์ให้หน่อยคะ พนักงานบัญชีคนใหม่ > jittra@fameline.com ชื่อ จิตรา ใจเพ็ชร ขอบคุณคะ :)', '2015-09-29', '12:57:54', '2015-09-29', '16:23:07', 'Complete', 'ดำเนินการให้เรียบร้อยแล้วครับ', 'Promtep Maturapilas (เม่น)', 'หากติดปัญหา หรือมีข้อสงสัยเพิ่มเติม กรุณาโทร 202 ฝ่าย IT');
INSERT INTO `job` VALUES (42, 'ฐิตอาภา', 'คล้ามเคลือ', 8, 0, 'thidapha@fameline.com', 4, 'รบกวนทางฝ่ายไอที ช่วย ADD รหัส เพื่อให้สามารถใช้เครื่องถ่ายเอกสาร ที่อยู่ห้องคลังสินค้าได้ค่ะ \r\n\r\n                                  ขอบคุณค่ะ      ', '2015-09-29', '13:38:57', '2015-09-29', '14:39:37', 'Complete', 'ดำเนินการให้เรียบร้อยแล้วครับ', 'Promtep Maturapilas (เม่น)', 'หากติดปัญหา หรือมีข้อสงสัยเพิ่มเติม กรุณาโทร 202 ฝ่าย IT');
INSERT INTO `job` VALUES (43, 'Jittra', 'Jaiphet', 2, 125, 'jittra@fameline.com', 5, 'หนูส่งชื่อ-นามสกุล ภาษอังกฤษมาให้คะ \r\nJittra Jaiphet\r\nขอบคุณคะ :)', '2015-09-29', '13:43:47', '2015-09-29', '16:23:15', 'Complete', 'ดำเนินการให้เรียบร้อยแล้วครับ', 'Promtep Maturapilas (เม่น)', 'หากติดปัญหา หรือมีข้อสงสัยเพิ่มเติม กรุณาโทร 202 ฝ่าย IT');
INSERT INTO `job` VALUES (44, 'นงลักษณ์', 'ปัญญามาก', 2, 877002984, 'nonglux@fameline.com', 1, 'เข้าหน้าต่าง Desktop ไม่ได้', '2015-09-30', '09:10:06', '2015-09-30', '09:17:46', 'Complete', 'ดำเนินการแก้ไขให้เรียบร้อยแล้วครับ', 'Promtep Maturapilas (เม่น)', 'หากติดปัญหา หรือมีข้อสงสัยเพิ่มเติม กรุณาโทร 202 ฝ่าย IT');
INSERT INTO `job` VALUES (45, 'Sirichai', 'Kordcunta', 12, 899388528, 'sirichai@fameline.com', 4, 'สั่งปริ้นไม่ออกครับ จากเดิมที่เคย  Set เครื่องปริ้นเป็น ขาว-ดำแล้วก็สั่งไม่ออก \r\n\r\n(เครื่อง : 192.168.1.36 )', '2015-10-01', '11:12:44', '2015-10-01', '14:01:20', 'Complete', 'ดำเนินการแก้ไขให้เรียบร้อยแล้วครับ      ', 'Promtep Maturapilas (เม่น)', 'หากติดปัญหา หรือมีข้อสงสัยเพิ่มเติม กรุณาโทร 202 ฝ่าย IT');
INSERT INTO `job` VALUES (46, 'ภูวนัย', 'อาจหาญ', 13, 868499089, 'poolwanai@fameline.com', 3, 'เครื่อง Fax ไม่มีสัญญานไม่สามารถใช้ได้ครับโรงงาน2 ACP', '2015-10-02', '09:19:27', '2015-10-02', '14:37:27', 'Complete', 'รบกวนแจ้งฝ่าย Maintanance นะครับ เรื่องสัญญาณโทรศัพท์ แต่ถ้าเป็นที่เครื่อง FAX ฝ่าย IT สามารถประสานงานหาร้านซ่อมให้ได้ครับ', 'Promtep Maturapilas (เม่น)', 'หากติดปัญหา หรือมีข้อสงสัยเพิ่มเติม กรุณาโทร 202 ฝ่าย IT');
INSERT INTO `job` VALUES (47, 'นายฐานันดร', 'ทุริสุทธิ์', 9, 843667720, 'thanandorn@fameline.com', 1, 'แผนก Design Assist รบกวนเดินสาย Land แทนระบบ Wifi เนื่องจากมีความล่าช้าในการดึงข้อมูลเป็นอย่างมาก โดยสายที่จะใช้มีรายละเอียดดังนี้ \r\n1. สายยาว 3.00 ม = 3 เส้น  โต๊ะ ฐา แน็ค จำรอง\r\n2. สายยาว 5.00 ม = 2 เส้น  โต๊ะ บุ้ค คุณตั้ม\r\n3. สายยาว 2.00 ม = 1 เส้น  โต๊ะ พี่อาคม\r\n4. สายยาว 20.00ม= 1 เส้น  โต๊ะ พี่บอล\r\n5. สายยาว 18.00ม= 1 เส้น  โต๊ะ ติ๊ก\r\nขอบคุณครับ', '2015-10-02', '13:58:21', '0000-00-00', '00:00:00', 'Pending', ' ', ' ', ' ');
INSERT INTO `job` VALUES (48, 'จีรศักดิ์', 'สุดลาภา', 15, 87, '่jeerasak01@fameline.com', 1, 'รบกวนอัพเดตโปรแกรมไลน์ครับ  \r\nมีข้อความเตือนขึ้นมา', '2015-10-03', '08:05:20', '2015-10-06', '09:51:56', 'Complete', 'ดำเนินการให้เรียบร้อยแล้วครับ', ' Promtep Maturapilas (เม่น)', ' หากติดปัญหา หรือมีข้อสงสัยเพิ่มเติม กรุณาโทร 202 ฝ่าย IT');
INSERT INTO `job` VALUES (49, 'Jittra', 'Jaiphet', 2, 129, 'jittra@fameline.com', 3, 'หน้าจอการใช้งานชอบหลุดไปหน้าก่อนที่จะเข้าเชื่อมต่อกับหน้าที่จะใช้งานคะพี่ (หน้าที่ต้องlogin) หลุดบ่อยมากคะ เป็นมา2วันแล้วคะ รบกวนด้วยนะคะ :)', '2015-10-05', '08:17:19', '2015-10-10', '08:25:58', 'Complete', 'ดำเนินการให้แล้วครับ เบื้องต้นตรวจเช็คสาย Lan ย้ำหัว Lan ใหม่ครับ', 'Promtep Maturapilas (เม่น)', 'หากติดปัญหา หรือมีข้อสงสัยเพิ่มเติม กรุณาโทร 202 ฝ่าย IT');
INSERT INTO `job` VALUES (50, 'จินวดี', 'อินพล', 14, 810723784, 'jinwadee@fameline.com', 4, 'ขอปริ้นเอกสาร', '2015-10-05', '12:58:02', '2015-10-06', '09:52:27', 'Complete', 'ดำเนินการ Add ปริ้นสีให้เรียบร้อยครับ', 'Promtep Maturapilas (เม่น)', 'หากติดปัญหา หรือมีข้อสงสัยเพิ่มเติม กรุณาโทร 202 ฝ่าย IT');
INSERT INTO `job` VALUES (51, 'Duentem', 'Paijaroen', 12, 100, 'duentem@fameline.com', 3, 'รบกวนกู้ไฟล์รูปภาพให้หน่อยคะ ตาม link ด้านล่าง\r\n\r\n\\\\win0802\\FACTORY_ON\\P1_INTERNAL\\ฝ่ายผลิต 1\\Assistant\\รูปทำ presentation', '2015-10-06', '08:38:13', '2015-10-06', '09:53:10', 'Complete', 'ไม่สามารถดำเนินการได้ เนื่องจากใน Backup ก็ไม่พบข้อมูลดังกล่าวครับ', 'Promtep Maturapilas (เม่น)', 'หากติดปัญหา หรือมีข้อสงสัยเพิ่มเติม กรุณาโทร 202 ฝ่าย IT');
INSERT INTO `job` VALUES (52, 'Duentem', 'Paijaroen', 12, 100, 'duentem@fameline.com', 3, 'รบกวนกู้ไฟล์ตาม link ด้านล่างให้ด้วยคะ ข้อมูลบางอย่างหายไป\r\n\r\n\\\\win0802\\FACTORY_ON\\P1_INTERNAL\\ใบสั่งผลิต\\งานแผนกผลิตปี_2558\\ใบสั่งผลิตล่าสุดปี_2558', '2015-10-06', '16:19:50', '2015-10-07', '11:15:38', 'Complete', 'ดำเนินการให้เรียบร้อยแล้วครับ', 'Promtep Maturapilas (เม่น)', 'หากติดปัญหา หรือมีข้อสงสัยเพิ่มเติม กรุณาโทร 202 ฝ่าย IT');
INSERT INTO `job` VALUES (53, 'สถิตย์ภรณ์', 'เรือนดี', 14, 102, 'satitporn@fameline.com', 4, 'ปริ้นเอกสาร (เครื่องถ่ายเอกสารโรงงาน1)', '2015-10-06', '16:42:45', '2015-10-07', '11:28:41', 'Complete', 'ดำเนินการแก้ไขให้แล้วครับ', 'Promtep Maturapilas (เม่น)', 'หากติดปัญหา หรือมีข้อสงสัยเพิ่มเติม กรุณาโทร 202 ฝ่าย IT');
INSERT INTO `job` VALUES (54, 'สถิตย์ภรณ์', 'เรือนดี', 14, 102, 'satitporn@fameline.com', 1, 'แจ้งทำลายเซ็นต์อิเล็คทรอนิกส์', '2015-10-07', '11:11:27', '2015-10-07', '11:29:13', 'Complete', 'ดำเนินการให้เรียบร้อยครับ', 'Promtep Maturapilas (เม่น)', 'หากติดปัญหา หรือมีข้อสงสัยเพิ่มเติม กรุณาโทร 202 ฝ่าย IT');
INSERT INTO `job` VALUES (55, 'Chuthamas', 'Chanchad', 14, 102, 'chuthamas@fameline.com', 3, 'กริ่งเริ่มงาน  เร็ว 2 นาทีคะ', '2015-10-08', '15:45:25', '2015-10-08', '15:49:05', 'Complete', 'แก้ไขให้เรียบร้อยครับ', 'Promtep Maturapilas (เม่น)', 'หากติดปัญหา หรือมีข้อสงสัยเพิ่มเติม กรุณาโทร 202 ฝ่าย IT');
INSERT INTO `job` VALUES (56, 'varinporn', 'sa-nguanram', 14, 100, 'varinporn@fameline.com', 3, 'ไม่สามารถเข้า win0801 ได้ค่ะ', '2015-10-09', '08:44:47', '2015-10-09', '13:36:39', 'Complete', 'เข้าได้ตามปกติแล้วครับ', 'Promtep Maturapilas (เม่น)', 'หากติดปัญหา หรือมีข้อสงสัยเพิ่มเติม กรุณาโทร 202 ฝ่าย IT');
INSERT INTO `job` VALUES (57, 'Jittra', 'Jaiphet', 2, 107, 'jittra@fameline.com', 3, 'ชอบเด้งออกจากหน้าการใช้งานแล้วไปสู่หน้าก่อนLoginเข้าคะ อาการเหมือนจะแย่ลง ก่อนจะเด้งไปหน้าIP หน้าจอจะค้างนานมากประมาณ3-5นาที และพอกดเข้าไปก็เด้งออกไปหน้าจอสีฟ้าที่มีหน้าIP192.168.... รีสตาทวันละหลายๆรอบกลัวHDจะพัง ช่วยเครื่องหนูด้วยจ้า ^__^', '2015-10-09', '15:50:45', '2015-10-10', '08:26:13', 'Complete', 'ดำเนินการให้แล้วครับ เบื้องต้นตรวจเช็คสาย Lan ย้ำหัว Lan ใหม่ครับ', 'Promtep Maturapilas (เม่น)', 'หากติดปัญหา หรือมีข้อสงสัยเพิ่มเติม กรุณาโทร 202 ฝ่าย IT');
INSERT INTO `job` VALUES (58, 'patticha', 'naikorn', 13, 863397639, 'patticha@fameline.com', 2, 'แจ้งปัญหาเครื่องคุณไพบูลย์ IP:192.168.1.177 เข้า ERP และ Intraweb ไม่ได้ รบกวนทาง IT ช่วยตรวจสอบให้หน่อยค่ะ ขอบคุณค่ะ', '2015-10-09', '16:18:56', '2015-10-09', '16:42:04', 'Complete', 'ดำเนินการให้เรียบร้อยแล้วครับ\r\n\r\n*เครื่องติดสแปม (คล้ายๆไวรัส)', 'Promtep Maturapilas (เม่น)', 'หากติดปัญหา หรือมีข้อสงสัยเพิ่มเติม กรุณาโทร 202 ฝ่าย IT');
INSERT INTO `job` VALUES (59, 'Udomsak', 'Kaew-udom', 16, 967528922, 'udomsak@fameline.com', 3, 'No Internet access', '2015-10-12', '16:16:11', '2015-10-13', '15:26:28', 'Complete', 'ดำเนินการแก้ไขให้แล้วครับ', 'Promtep Maturapilas (เม่น)', 'หากติดปัญหา หรือมีข้อสงสัยเพิ่มเติม กรุณาโทร 202 ฝ่าย IT');
INSERT INTO `job` VALUES (60, 'Udomsak', 'Kaew-udom', 16, 109, 'udomsak@fameline.com', 1, 'ขอให้ทำลายเซนต์อิเลคทรอนิกส์สำหรับ pdf', '2015-10-13', '16:02:48', '2015-10-14', '08:17:34', 'Complete', 'Remote เข้าไปดำเนินการติดตั้งให้เรียบร้อยครับ', 'Promtep Maturapilas (เม่น)', 'หากติดปัญหา หรือมีข้อสงสัยเพิ่มเติม กรุณาโทร 202 ฝ่าย IT');
INSERT INTO `job` VALUES (61, 'Jittra', 'Jaiphet', 2, 107, 'jittra@fameline.com', 1, 'รบกวนเดินสาย Lan ให้ Jitra Account ให้ใหม่ด้วยคะ\r\nเนื่องจากมันหลุดบ่อยคะ พี่อาร์ตแจ้งว่าเป็นที่สาย Lan คะ', '2015-10-16', '08:53:58', '2015-10-17', '12:57:12', 'Complete', 'ดำเนินการแก้ไขให้เรียบร้อยแล้วครับ', 'Promtep Maturapilas (เม่น)', 'หากติดปัญหา หรือมีข้อสงสัยเพิ่มเติม กรุณาโทร 202 ฝ่าย IT');
INSERT INTO `job` VALUES (62, 'sunisa', 'seela', 15, 824880988, 'sunisa@fameline.com', 4, 'ปริ้นเครืองสติ๊อกเกอร์ไม่ได้', '2015-10-19', '10:26:24', '2015-10-26', '13:55:38', 'Complete', 'ดำเนินการให้เรียบร้อยแล้วครับ', 'Promtep Maturapilas (เม่น)', 'หากติดปัญหา หรือมีข้อสงสัยเพิ่มเติม กรุณาโทร 202 ฝ่าย IT');
INSERT INTO `job` VALUES (63, 'Ruji', 'Sonjaroon', 11, 865997242, 'ruji@fameline.com', 4, 'ช่วยเพิ่มโฟลเดอร์สแกนของแผนกขายต่างประเทศหน่อยคะ เพื่อป้องกันผู้อื่นเข้ามาลบเอกสารที่สแกนคะ', '2015-10-19', '16:02:46', '2015-10-20', '09:55:21', 'Complete', 'ดำเนินการให้เรียบร้อยแล้วครับ', 'Promtep Maturapilas (เม่น)', 'หากติดปัญหา หรือมีข้อสงสัยเพิ่มเติม กรุณาโทร 202 ฝ่าย IT');
INSERT INTO `job` VALUES (64, 'arkhom', 'saengnorach', 8, 0, 'arkhom@fameline.com', 1, 'เรียน คุณเม่น\r\nรบกวนดาวน์โหลด Solidworks Training ให้ด้วยครับ\r\nhttp://www.applicadthai.com/webinar/archive/\r\nเรื่อง\r\n1.Vibration & Droptest for Consumer Products by SolidWorks Simulation\r\n2.การประมาณราคา โดยใช้ SolidWorks Costing\r\n3.Tips and Tricks for Sheet Metal\r\n4.SolidWorks''s Tips and Tricks (19/11/2014 )\r\n5.วิเคราะห์ การผสมกันในถังกวนของน้ำแอปเปิ้ลกับน้ำมะกอก ด้วย SolidWorks Simulation\r\n6.วิเคราะห์งานโครงสร้างแบบมืออาชีพด้วย Structure\r\n7.SolidWorks ล้วงตับงาน Sheet Metal\r\n8.วิเคราะห์ความแข็งแรงของตึกสูงด้วย Flow Simulation\r\n9.Routing wire การเดินสายไฟอัตโนมัติ\r\n10.ออกแบบตู้ควบคุมงานไฟฟ้าอย่างไรให้เนี้ยบ solidworks electrical\r\n11.ใบ พัดที่ออกแบบ มีประสิทธิภาพแค่ไหน ตอบได้ด้วย SolidWorks Flow Simulation\r\n12.วิเคราะห์ ความเสียหายจากการสั่นสะเทือนด้วย Vibration Analysis\r\n13.SolidWorks Weldment กลเม็ดการออกแบบ\r\n14.Routing wire การเดินสายไฟอัตโนมัติ\r\n', '2015-10-20', '13:37:26', '2015-10-21', '09:03:32', 'Complete', 'ดำเนินการดาวโหลดให้เรียบร้อยแล้วครับ', 'Promtep Maturapilas (เม่น)', 'หากติดปัญหา หรือมีข้อสงสัยเพิ่มเติม กรุณาโทร 202 ฝ่าย IT');
INSERT INTO `job` VALUES (65, 'ไพฑูรย์', 'สุธรรม', 16, 122, 'pranai@fameline.com', 5, 'รบกวนแก้ไข email จาก pranai@fameline.com\r\nเป็น paitoon@fameline.com\r\nและเพิ่ม fax-scan\r\nIP :192.168.1.122', '2015-10-21', '15:25:03', '2015-10-22', '16:20:33', 'Complete', 'ดำเนินการเรียบร้อยแล้วครับ', 'Promtep Maturapilas (เม่น)', 'หากติดปัญหา หรือมีข้อสงสัยเพิ่มเติม กรุณาโทร 202 ฝ่าย IT');
INSERT INTO `job` VALUES (66, 'Duentem', 'Paijaroen', 12, 100, 'duentem@fameline.com', 1, 'รบกวนลง font ตัวหนังสือให้ด้วยคะ \r\nIP 192.168.1.117      ', '2015-10-22', '10:29:23', '2015-10-22', '10:33:19', 'Complete', 'ดำเนินการให้เรียบร้อยแล้วครับ', 'Promtep Maturapilas (เม่น)', 'หากติดปัญหา หรือมีข้อสงสัยเพิ่มเติม กรุณาโทร 202 ฝ่าย IT');
INSERT INTO `job` VALUES (67, 'ณัฐพล', 'พลทรัพย์ศิริ', 8, 111, 'ืืnattapon.p@fameline.com', 5, 'ช่วยดาวน์โลด ไฟล์จากเมล์ 2 เมล์ให้ด้วยครับ\r\n', '2015-10-22', '11:50:13', '2015-10-24', '08:10:33', 'Complete', 'รับทราบและดำเนินการให้เรียบร้อยครับ\r\n\r\n รายละเอียดตาม E-mail ที่แจ้งไปครับ', 'Promtep Maturapilas (เม่น)', 'หากติดปัญหา หรือมีข้อสงสัยเพิ่มเติม กรุณาโทร 202 ฝ่าย IT');
INSERT INTO `job` VALUES (68, 'อาคม', 'แสงโนราช', 8, 0, 'arkhom@fameline.com', 1, 'เรียน คุณเม่น\r\nรบกวนดาวน์โหลด Solidworks Training ให้ด้วยครับ\r\n\r\nhttps://goo.gl/V8EScI \r\n\r\nขอบคุณนะครับ      ', '2015-10-23', '12:53:17', '2015-10-24', '10:01:26', 'Complete', 'ดำเนินการให้เรียบร้อยครับ', 'Promtep Maturapilas (เม่น)', 'หากติดปัญหา หรือมีข้อสงสัยเพิ่มเติม กรุณาโทร 202 ฝ่าย IT');
INSERT INTO `job` VALUES (69, 'Duentem', 'Paijaroen', 12, 100, 'duentem@fameline.com', 1, 'ลงโปรแกรม bar tender ใหม่ใช้สำหรับทำแทร็คติดชิ้นงานส่งลูกค้า ', '2015-10-23', '15:23:39', '2015-10-28', '12:34:28', 'Complete', 'ดำเนินการแก้ไขให้เรียบร้อยครับ', 'Promtep Maturapilas (เม่น)', 'หากติดปัญหา หรือมีข้อสงสัยเพิ่มเติม กรุณาโทร 202 ฝ่าย IT');
INSERT INTO `job` VALUES (70, 'Sirichai', 'Kordcunta', 12, 899388528, 'sirichai@fameline.com', 2, 'ไม่สามารถเข้าใช้งาน ระบบ ERP ได้\r\nเลขเครื่อง  192.168.1.64', '2015-10-27', '15:38:02', '2015-10-30', '11:19:55', 'Complete', 'ดำเนินการแก้ไขให้เรียบร้อยแล้วครับ', 'Promtep Maturapilas (เม่น)', 'หากติดปัญหา หรือมีข้อสงสัยเพิ่มเติม กรุณาโทร 202 ฝ่าย IT');
INSERT INTO `job` VALUES (71, 'นลพรรณ', 'ศุภานุสนธิ์', 8, 111, 'ืnonlapan@fameline.com', 1, 'รบกวนติดตั้งโปรแกรม Microsoft Project ให้กับพนักงานแผนก ดีไซน์ (ทุกคนค่ะ)เพื่อใช้ในการทำงานค่ะ', '2015-10-27', '16:06:32', '2015-10-30', '11:20:21', 'Complete', 'ดำเนินการให้เรียบร้อยแล้วครับ', 'Promtep Maturapilas (เม่น)', 'หากติดปัญหา หรือมีข้อสงสัยเพิ่มเติม กรุณาโทร 202 ฝ่าย IT');
INSERT INTO `job` VALUES (72, 'vudhichai', 'boonjuea', 8, 102, 'vudhichai@fameline.com', 1, 'install program microsoft project urgent\r\n', '2015-10-28', '10:07:24', '2015-10-29', '11:38:46', 'Complete', 'ดำเนินการให้เรียบร้อยแล้วครับ', 'Promtep Maturapilas (เม่น)', 'หากติดปัญหา หรือมีข้อสงสัยเพิ่มเติม กรุณาโทร 202 ฝ่าย IT');
INSERT INTO `job` VALUES (73, 'vudhichai', 'boonjuea', 8, 102, 'vudhichai@fameline.com', 1, 'install driver program new printer HP size of paper A1  \r\nlaptop and desktop  Mr. Tha , Mr. Arkhom\r\nMr. Nack , Miss . Book , Mr. Ball ', '2015-10-28', '10:12:07', '2015-10-29', '11:38:55', 'Complete', 'ดำเนินการให้เรียบร้อยแล้วครับ', 'Promtep Maturapilas (เม่น)', 'หากติดปัญหา หรือมีข้อสงสัยเพิ่มเติม กรุณาโทร 202 ฝ่าย IT');
INSERT INTO `job` VALUES (74, 'vudhichai', 'boonjuea', 8, 102, 'vudhichai@fameline.com', 1, 'move file design Assit to design', '2015-10-29', '14:53:50', '2015-10-30', '08:45:54', 'Complete', 'ดำเนินการเรียบร้อยครับ', 'Promtep Maturapilas (เม่น)', 'หากติดปัญหา หรือมีข้อสงสัยเพิ่มเติม กรุณาโทร 202 ฝ่าย IT');
INSERT INTO `job` VALUES (75, 'ฐิตอาภา', 'คล้ามเคลือ', 8, 0, 'thidapha@fameline.com', 3, 'รบกวนช่วยติดตั้งโปรแกรม line ในเครื่องคอมพิวเตอร์สำหรับใช้ติดต่องานกับลูกค้าค่ะ เพราะส่วนใหญ่ลูกค้าติดต่องานทาง LINE ค่ะ      ', '2015-10-30', '10:17:07', '2015-10-30', '11:07:37', 'Complete', 'ดำเนินการเรียบร้อยแล้วครับ', 'Promtep Maturapilas (เม่น)', 'หากติดปัญหา หรือมีข้อสงสัยเพิ่มเติม กรุณาโทร 202 ฝ่าย IT');
INSERT INTO `job` VALUES (76, 'Duentem', 'duentem', 12, 863261402, 'duentem@fameline.com', 1, 'ต้องการเครื่อง Computer สำหรับใช้ใน Line ผลิต เพื่อคีย์ใบเบิกวัถตุดิบในระบบ ERP จำนวน 3 เครื่อง โดยเชื่อมต่อแบบ Lan ค่ะ', '2015-11-02', '08:54:26', '2015-12-02', '10:51:46', 'Complete', 'ดำเนินการให้เรียบร้อยแล้วครับ\r\n\r\n *จำนวน 2 เครื่อง', 'Promtep Maturapilas (เม่น)', 'หากติดปัญหา หรือมีข้อสงสัยเพิ่มเติม กรุณาโทร 202 ฝ่าย IT');
INSERT INTO `job` VALUES (77, 'ศุภชัย', 'ศุภชัย', 12, 863261402, 'supachai@fameline.com', 1, 'เปลี่ยนถ่าน BIOS ที่เครื่อง Print Barcode เนื่องจากคุณอาร์ตแจ้งว่าถ่านหมด', '2015-11-02', '09:21:47', '2015-11-04', '10:13:04', 'Complete', 'เปลี่ยนให้เรียบร้อยแล้วครับ', 'Promtep Maturapilas (เม่น)', 'หากติดปัญหา หรือมีข้อสงสัยเพิ่มเติม กรุณาโทร 202 ฝ่าย IT');
INSERT INTO `job` VALUES (78, 'vudhichai', 'boonjuea', 8, 102, 'vudhichai@fameline.com', 3, 'Cannot connect router and printer HP disconnect urgent', '2015-11-02', '09:43:15', '2015-11-02', '15:26:37', 'Complete', 'ดำเนินการแก้ไขเรียบร้อยแล้วครับ', 'Promtep Maturapilas (เม่น)', 'หากติดปัญหา หรือมีข้อสงสัยเพิ่มเติม กรุณาโทร 202 ฝ่าย IT');
INSERT INTO `job` VALUES (79, 'กุณฑล', 'อนะธรรมสมบัติ', 8, 111, 'kunthon@fameline.com', 1, 'ขอไฟล์รูป บ้านศิริวรรณพร ใน Drive Marketing Support  ครับ', '2015-11-03', '08:46:39', '2015-11-03', '09:41:35', 'Complete', 'ดำเนินการเรียบร้อยแล้วครับ', 'Promtep Maturapilas (เม่น)', 'หากติดปัญหา หรือมีข้อสงสัยเพิ่มเติม กรุณาโทร 202 ฝ่าย IT');
INSERT INTO `job` VALUES (83, 'มณฑิชา', 'จำปาศรี', 17, 800063680, 'monticha@fameline.com', 1, '1. ติดตั้ง Epson Scan\r\n2.อัพเดตโปรแกรม LINE\r\n3. เพิ่ม User ERP\r\n\r\nรายการ 1-3  IP 192.168.1.152\r\nรายการ  3    IP 192.168.1.159', '2015-11-04', '09:34:23', '2015-11-04', '13:52:49', 'Complete', 'ดำเนินการให้เรียบร้อยแล้วครับ', 'Promtep Maturapilas (เม่น)', 'หากติดปัญหา หรือมีข้อสงสัยเพิ่มเติม กรุณาโทร 202 ฝ่าย IT');
INSERT INTO `job` VALUES (84, 'ชญานุตน์', 'โสมะเกตุ', 2, 209, 'chayanut@fameline', 4, 'เครื่องปริ๊นท์/ถ่ายเอกสารบัญชีเสีย รบกวน IT ช่วยติดตั้งเครื่องปริ๊นท์ชั้นสองให้แผนกบัญชีด้วยค่ะ (บัญชีขอใช้ทุกคนเลยค่ะ)', '2015-11-05', '09:29:50', '2015-11-09', '11:53:27', 'Complete', 'แจ้งเจ้าหน้าที่เข้ามาดำเนินการแก้ไขเรียนร้อยแล้วครับ', 'Promtep Maturapilas (เม่น)', 'หากติดปัญหา หรือมีข้อสงสัยเพิ่มเติม กรุณาโทร 202 ฝ่าย IT');
INSERT INTO `job` VALUES (85, 'ตุ๊กตา', 'แก้วโก', 8, 877423111, 'ิbu2-site@fameline.com', 1, 'ขอเปลี่ยนคีย์บอร์ดตัวใหม่\r\n       เนื่องจากไม่สามารถกดตัวอักษรได้', '2015-11-10', '15:50:50', '2015-11-11', '09:44:28', 'Complete', 'ดำเนินการจัดส่งไปเปลี่ยนให้เรียบร้อยครับ', 'Promtep Maturapilas (เม่น)', 'หากติดปัญหา หรือมีข้อสงสัยเพิ่มเติม กรุณาโทร 202 ฝ่าย IT');
INSERT INTO `job` VALUES (86, 'ตุ๊กตา', 'แก้วโก', 8, 877423111, 'ิbu2-site@fameline.com', 1, 'เครื่องคอมพิวเตอร์ไม่อัพเดทวันและเวลาในปัจจุบัน', '2015-11-10', '15:54:12', '2015-11-11', '09:54:11', 'Complete', 'เปลี่ยนถ่าน M/B และดำเนินการแก้ไขให้เรียบร้อยครับ      ', 'Promtep Maturapilas (เม่น)', 'หากติดปัญหา หรือมีข้อสงสัยเพิ่มเติม กรุณาโทร 202 ฝ่าย IT');
INSERT INTO `job` VALUES (87, 'Kanyaneee', 'Suwansengsri', 16, 108, 'dcc@fameline', 4, 'File งาน ที่เป็น ไฟล์ PDF ไม่สามารถสั่งปริ้นงานได้ รบกวนช่วยแก้ไขให้ด้วยเนื่องจากจำเป็นต้องใช้งานจาก ไฟล์เหล่านั้น ซึ่งไฟล์ส่วนใหญ่ถูก Save ไว้เป็น PDF ', '2015-11-12', '09:36:49', '2015-11-16', '09:28:07', 'Complete', 'ไฟล์ DCC มีการตั้งพลาสเวริดไว้ ทำให้ต้องใส่รหัสก่อนถึงจะทำการสั่งพริ้นได้ครับ', 'Promtep Maturapilas (เม่น)', 'หากติดปัญหา หรือมีข้อสงสัยเพิ่มเติม กรุณาโทร 202 ฝ่าย IT');
INSERT INTO `job` VALUES (88, 'Duentem', 'Paijaroen', 12, 100, 'duentem@fameline.com', 1, 'file excel เดือน 10 ไม่สามารถเปิดได้ ตาม link ด้านล่าง \r\n\r\n\\\\win0802\\FACTORY_ON\\P1_INTERNAL\\ฝ่ายผลิต 1\\Admin\\COST คิดราคาปี 2558', '2015-11-13', '11:31:51', '2015-11-13', '11:45:05', 'Complete', 'ดำเนินการให้เรียบร้อยแล้ว\r\nไฟล์เดิมเสียครับ ไม่สามารถใช้งานได้ ฝ่าย IT ได้ทำการกู้ไฟล์จาก Backup ขึ้นให้ใช้งาน อยู่ใน New folder ครับ', 'Promtep Maturapilas (เม่น)', 'หากติดปัญหา หรือมีข้อสงสัยเพิ่มเติม กรุณาโทร 202 ฝ่าย IT');
INSERT INTO `job` VALUES (89, 'กัญญาณี', 'สุวรรณแสงสี', 16, 108, 'dcc@fameline', 2, 'ให้ทำลายเซ็นอิเลคทรอนิกส์ให้', '2015-11-14', '10:15:30', '2015-11-16', '09:27:24', 'Complete', 'ดำเนินการติดตั้งให้เรียบร้อยครับ', 'Promtep Maturapilas (เม่น)', 'หากติดปัญหา หรือมีข้อสงสัยเพิ่มเติม กรุณาโทร 202 ฝ่าย IT');
INSERT INTO `job` VALUES (90, 'ฐนิษตา', 'ขาวเกตุ', 7, 86, 'tanita@fameline.com', 4, 'ต้องการ Print สี  7 แผ่น   ', '2015-11-16', '11:13:55', '2015-11-16', '11:19:57', 'Complete', 'ดำเนินการให้เรียบร้อยครับ', 'Promtep Maturapilas (เม่น)', 'หากติดปัญหา หรือมีข้อสงสัยเพิ่มเติม กรุณาโทร 202 ฝ่าย IT');
INSERT INTO `job` VALUES (91, 'ฐนิษตา', 'ขาวเกตุ', 7, 86, 'tanita@fameline.com', 5, 'ส่งเมลให้ DownLoad  File งานให้ใน Mail ( IT ) นะ \r\nรบกวนวางให้ในห้อง Sales_Bu1 ด้วยคะ ', '2015-11-17', '08:41:53', '2015-11-17', '08:47:29', 'Complete', 'ดำเนินการให้เรียบร้อยแล้วครับ', 'Promtep Maturapilas (เม่น)', 'หากติดปัญหา หรือมีข้อสงสัยเพิ่มเติม กรุณาโทร 202 ฝ่าย IT');
INSERT INTO `job` VALUES (92, 'ฐนิษตา', 'ขาวเกตุ', 7, 86, 'tanita@fameline.com', 4, 'ฝากปริ๊นสี  5 แผ่นคะ ', '2015-11-17', '08:43:00', '2015-11-17', '08:47:47', 'Complete', 'เรียบร้อยครับ', 'Promtep Maturapilas (เม่น)', 'หากติดปัญหา หรือมีข้อสงสัยเพิ่มเติม กรุณาโทร 202 ฝ่าย IT');
INSERT INTO `job` VALUES (93, 'parinya', 'charoonroch', 8, 111, 'parinya@fameline.com', 1, 'ไดร์ย C หน่วยความจำเหลือน้อย \r\nเปิดไฟล Cad มันฟ้อง Full Enternal \r\n', '2015-11-17', '09:41:57', '2015-11-17', '09:55:41', 'Complete', 'ดำเนินการแก้ไขให้เรียบร้อยแล้วครับ\r\n *ย้ายโปรไฟล์ และ Email ไปเก็บไว้ใน Drive D แทนครับ', 'Promtep Maturapilas (เม่น)', 'หากติดปัญหา หรือมีข้อสงสัยเพิ่มเติม กรุณาโทร 202 ฝ่าย IT');
INSERT INTO `job` VALUES (95, 'มณฑิชา', 'จำปาศรี', 17, 800063680, 'monticha@fameline.com', 1, 'แจ้งติดตั้งโปรแกรม วิดิโอ  เครื่องผู้จัดการค่ะ\r\n192.168.1.133', '2015-11-17', '13:20:28', '2015-11-19', '12:00:07', 'Complete', 'ดำเนินการติดตั้งให้เรียบร้อยแล้วครับ', 'Promtep Maturapilas (เม่น)', 'หากติดปัญหา หรือมีข้อสงสัยเพิ่มเติม กรุณาโทร 202 ฝ่าย IT');
INSERT INTO `job` VALUES (96, 'ภาณุวัฒน์', 'วงษ์มีแก้ว', 16, 909786621, 'panuwat.w@fameline.com', 1, 'ปริ้นงานเครื่อง Kyocera FS-6525 ไม่ได้\r\n\r\nIP : 192.168.1.142', '2015-11-18', '14:20:47', '2015-11-19', '12:00:24', 'Complete', 'ดำเนินการติดตั้งให้เรียบร้อยแล้วครับ', 'Promtep Maturapilas (เม่น)', 'หากติดปัญหา หรือมีข้อสงสัยเพิ่มเติม กรุณาโทร 202 ฝ่าย IT');
INSERT INTO `job` VALUES (97, 'Duentem', 'Paijaroen', 12, 100, 'duentem@fameline.com', 3, 'ไม่สามารถเข้า win 0802 :FACTORY_ONE \r\nIP.192.168.1.104  เครื่องพี่จินดา\r\n\r\nกู้ไฟล์ตาม link ด้านล่าง\r\n\\\\win0802\\FACTORY_ON\\P1_INTERNAL\\ฝ่ายผลิต 1\\Admin\\COST คิดราคาปี 2558\\New folder', '2015-11-23', '08:32:53', '2015-11-23', '08:50:59', 'Complete', 'แก้ไขให้เรียบร้อยแล้วครับ', 'Promtep Maturapilas (เม่น)', 'หากติดปัญหา หรือมีข้อสงสัยเพิ่มเติม กรุณาโทร 202 ฝ่าย IT');
INSERT INTO `job` VALUES (98, 'ภูวนัย', 'อาจหาญ', 13, 868499089, 'poolwanai@fameline.com', 3, 'ระบบไวไฟมีปัญหา สายแลนใช้ได้ปกติ', '2015-11-23', '16:46:29', '2015-11-24', '08:25:55', 'Complete', 'ตอนนี้สามารถใช้งานได้ตามปกติ\r\n\r\n *ถอดปลั๊กแล้ว เสียบใหม่ทำให้สามารถใช้งานได้ตามปกติ', 'Promtep Maturapilas (เม่น)', 'หากติดปัญหา หรือมีข้อสงสัยเพิ่มเติม กรุณาโทร 202 ฝ่าย IT');
INSERT INTO `job` VALUES (99, 'ไพบูลย์ ', 'ยืนชีวี', 13, 126, 'piboon@Fameline.com', 1, 'ยังไม่ได้เซตลายเซนต์ในการเซนเอกสาร PDF\r\nและปริ้นเตอใช้งานไม่ได้', '2015-11-25', '09:12:12', '2015-11-26', '15:45:48', 'Complete', 'ดำเนินการให้เรียบร้อยแล้วครับ', 'Promtep Maturapilas (เม่น)', 'หากติดปัญหา หรือมีข้อสงสัยเพิ่มเติม กรุณาโทร 202 ฝ่าย IT');
INSERT INTO `job` VALUES (100, 'จักรพันธ์ ', 'ไชยนุรักษ์', 5, 929511540, 'chakkraphan@fameline.com', 1, 'ทางจากทางฝ่าย R&D ต้องใช้ โปรแกรมไลน์ ในการติดต่องานจึงขอให้ทางฝ่าย IT ลงโปรแกรมดังกล่าวให้ด้วยครับ', '2015-11-26', '11:14:43', '2015-11-27', '11:56:49', 'Pending', 'แจ้งหมายเลข IP เพื่อให้ฝ่าย IT รีโมทเข้าไปติดตั้งให้ครับ', 'Promtep Maturapilas (เม่น)', 'หากติดปัญหา หรือมีข้อสงสัยเพิ่มเติม กรุณาโทร 202 ฝ่าย IT');
INSERT INTO `job` VALUES (101, 'Kanyaneee', 'Suwansengsri', 16, 108, 'dcc@fameline', 1, 'รบกวนทำลายเซน อิเลคทรอนิคให้ใหม่หน่อยคะ อันเดิมมันเล็กไปเวลาเซนต์ไม่ค่อยเห็นเนื่องจากวันที่ใหญ่กว่า', '2015-11-26', '15:40:25', '2015-11-27', '11:55:42', 'Complete', 'ดำเนินการติดตั้งให้เรียบร้อยแล้วครับ    ', 'Promtep Maturapilas (เม่น)', 'หากติดปัญหา หรือมีข้อสงสัยเพิ่มเติม กรุณาโทร 202 ฝ่าย IT');
INSERT INTO `job` VALUES (102, 'Duentem', 'Paijaroen', 12, 100, 'duentem@fameline.com', 1, 'เครื่องทำแทร็คปริ้นไม่ได้', '2015-11-27', '10:32:57', '2015-11-27', '11:56:07', 'Complete', 'ดำเนินการแก้ไขให้เรียบร้อยแล้วครับ', 'Promtep Maturapilas (เม่น)', 'หากติดปัญหา หรือมีข้อสงสัยเพิ่มเติม กรุณาโทร 202 ฝ่าย IT');
INSERT INTO `job` VALUES (103, 'Duentem', 'Paijaroen', 12, 100, 'duentem@fameline.com', 2, 'ลง ERP เครื่องพี่สมมาศ IP 119', '2015-11-30', '08:23:21', '2015-11-30', '09:22:02', 'Complete', 'รีโมทไปดำเนินการติดตั้งให้เรียบร้อยแล้วครับ', 'Promtep Maturapilas (เม่น)', 'หากติดปัญหา หรือมีข้อสงสัยเพิ่มเติม กรุณาโทร 202 ฝ่าย IT');
INSERT INTO `job` VALUES (104, 'Chanthima', 'Pametho', 16, 108, 'chanthima@fameline.com', 4, 'ขอเพิ่ม printer ปริ้นสี\r\nIP : 192.168.1.140', '2015-11-30', '14:35:20', '2015-11-30', '15:04:00', 'Complete', 'รีโมทไปดำเนินการติดตั้งให้เรียบร้อยแล้วครับ', 'Promtep Maturapilas (เม่น)', 'หากติดปัญหา หรือมีข้อสงสัยเพิ่มเติม กรุณาโทร 202 ฝ่าย IT');
INSERT INTO `job` VALUES (105, 'Duentem', 'Paijaroen', 12, 100, 'duentem@fameline.com', 1, 'ลงโปรแกรมเครื่องคุณสมมาศ', '2015-11-30', '14:53:23', '2015-12-02', '10:51:03', 'Complete', 'ดำเนินการเรียบร้อยแล้วครับ', 'Promtep Maturapilas (เม่น)', 'หากติดปัญหา หรือมีข้อสงสัยเพิ่มเติม กรุณาโทร 202 ฝ่าย IT');
INSERT INTO `job` VALUES (106, 'Kanyaneee', 'Suwansengsri', 16, 108, 'dcc@fameline', 1, '1 . แจ้งขอ Add จำนวน Print สี แผนก QC ทั้งหมด รวม 60 แผ่น \r\n2.  ขอ Add Program เพื่อ Connet Projector ห้องประชุมแผนกคลัง  IP 192.168.1.138', '2015-12-01', '09:27:41', '2015-12-02', '10:50:38', 'Complete', 'ดำเนินการให้เรียบร้อยแล้วครับ', 'Promtep Maturapilas (เม่น)', 'หากติดปัญหา หรือมีข้อสงสัยเพิ่มเติม กรุณาโทร 202 ฝ่าย IT');
INSERT INTO `job` VALUES (107, 'Kanyaneee', 'Suwansengsri', 16, 108, 'dcc@fameline', 2, '1.ขอเพิ่ม Item รายการเปิด PR เพื่อสั่งซื้อ ตรายาง ประทับ QC        \r\n\r\n2. Note Book ไม่สามารถเข้ใช้ WIFI เมื่อเข้าพื้นที่ คลัง (ห้องประชุม)           ', '2015-12-02', '08:45:49', '2015-12-02', '11:37:41', 'Complete', 'ดำเนินการแนะนำวิธีแก้ไขเรียบร้อยครับ', 'Promtep Maturapilas (เม่น)', 'หากติดปัญหา หรือมีข้อสงสัยเพิ่มเติม กรุณาโทร 202 ฝ่าย IT');
INSERT INTO `job` VALUES (108, 'มณฑิชา', 'จำปาศรี', 17, 800063680, 'monticha@fameline.com', 5, 'แยก e-mail ของแต่ละฝ่าย โดยแยกโฟลเดอร์/ฝ่าย ค่ะ', '2015-12-02', '11:07:57', '2015-12-02', '11:32:41', 'Complete', 'ดำเนินการให้เรียบร้อยแล้วครับ\r\n\r\n*รีโมทเข้าไปสอนที่การทำ', 'Promtep Maturapilas (เม่น)', 'หากติดปัญหา หรือมีข้อสงสัยเพิ่มเติม กรุณาโทร 202 ฝ่าย IT');
INSERT INTO `job` VALUES (109, 'กัญญาณี', 'สุวรรณแสงสี', 16, 108, 'dcc@fameline', 5, 'แจ้งลบ Mail Wassana@fameline.com คะ\r\n\r\n\r\nขอบคุณคะ ', '2015-12-02', '19:24:23', '2015-12-04', '10:05:05', 'Complete', 'ดำเนินการให้เรียบร้อยแล้วครับ', 'Promtep Maturapilas (เม่น)', 'หากติดปัญหา หรือมีข้อสงสัยเพิ่มเติม กรุณาโทร 202 ฝ่าย IT');
INSERT INTO `job` VALUES (110, 'วาสนา', 'เย็นฉ่ำ', 16, 929709758, 'QC2@Fameline.com', 1, '   เรียนคุณเม่น\r\nรบกวนช่วยกู้รายงานของแผนกQC ในระบบให้หน่อยค่ะ\r\n192.168.1.117  รายงานอยู่ใน WIN 0802\r\nFOLDER QA_INTERNAL\r\nและเข้า FOLDER 02 รายงานประจำวัน Daily Report.\r\nExcel หัวข้อ FORMING.\r\n          รายละเอียดตามนี้ค่ะ \r\nขอบคุณค่ะ\r\n\r\n\r\n', '2015-12-03', '11:48:16', '2015-12-03', '14:17:58', 'Complete', 'เรียบร้อยแล้วครับ', 'Promtep Maturapilas (เม่น)', 'หากติดปัญหา หรือมีข้อสงสัยเพิ่มเติม กรุณาโทร 202 ฝ่าย IT');
INSERT INTO `job` VALUES (111, 'บุษบง', 'ฉัตรโอฬารกุล', 8, 0, 'boodsabong@fameline.com', 1, 'ต้องการยืม Note Book เพื่อทำงานนอกสถานที่\r\nในวันที่ 4/12/58 โดยส่งคืนในวันจันทร์ที่ 7/12/58', '2015-12-04', '17:08:35', '2015-12-07', '08:21:37', 'Complete', 'ดำเนินการให้เรียบร้อยครับ', 'Promtep Maturapilas (เม่น)', 'หากติดปัญหา หรือมีข้อสงสัยเพิ่มเติม กรุณาโทร 202 ฝ่าย IT');
INSERT INTO `job` VALUES (112, 'นายภานุวัฒน์', 'วงษ์มีแก้ว', 16, 84, 'panuwat.w@fameline.com', 3, 'ไม่มี folder fax scan\r\nไม่มี folder win0802\r\n\r\nหาเจอแล้วครับ ขออภัยครับผม ', '2015-12-08', '13:31:15', '0000-00-00', '00:00:00', 'Complete', ' ', ' ', ' ');
INSERT INTO `job` VALUES (113, 'Kanyaneee', 'Suwansengsri', 16, 108, 'dcc@fameline', 3, 'IP 192.168.1.130  IP เครื่องนี้ไม่สามารถมองเห็น Folder Sean บน Server ได้หลังจากที่ Scan งานแล้ว รบกวนแก้ไขให้หน่อยคะ', '2015-12-08', '13:58:36', '2015-12-09', '08:18:24', 'Complete', 'ดำเนินการแก้ไขให้เรียบร้อยแล้วครับ\r\n\r\n*รีโมทไปสร้าง Shortcut ให้ครับ', 'Promtep Maturapilas (เม่น)', 'หากติดปัญหา หรือมีข้อสงสัยเพิ่มเติม กรุณาโทร 202 ฝ่าย IT');
INSERT INTO `job` VALUES (114, 'kanyanee', 'suwanseangsri', 16, 108, 'dcc@fameline.com', 3, 'ขอเปิดสิทธิ์ เข้าใช้งาน \\\\win0802\\FACTORY_ON\\P1_EXTERNAL  ขอบคุณคะ (ด่วนคะ)', '2015-12-11', '08:13:10', '2015-12-11', '08:47:36', 'Complete', 'ดำเนินการเปิดสิทธิให้เข้าใช้ง่ายได้แล้วครับ', 'Promtep Maturapilas (เม่น)', 'หากติดปัญหา หรือมีข้อสงสัยเพิ่มเติม กรุณาโทร 202 ฝ่าย IT');
INSERT INTO `job` VALUES (115, 'ภูวนัย', 'อาจหาญ', 13, 125, 'poolwanai@fameline.com', 1, 'ล้อหมุนเมาส์ ของคุณเอก นนท์ปวิธ ชำรุดต้องการขอเปลี่ยนใหม่ครับ จะส่งของเก่ากลับไปให้วันนี้ครับ 11/12/15', '2015-12-11', '10:23:21', '2015-12-11', '10:43:21', 'Complete', 'ดำเนินการจัดส่งไปวันที่ 11/12/58 (ฝากไว้ช่วงเย็น)\r\nจัดส่งไปกับรถตู้พนักงาน จะได้รับเช้าวันที่ 12/12/58 ครับ', 'Promtep Maturapilas (เม่น)', 'หากติดปัญหา หรือมีข้อสงสัยเพิ่มเติม กรุณาโทร 202 ฝ่าย IT');
INSERT INTO `job` VALUES (116, 'บุษบง', 'ฉัตรโอฬารกุล', 8, 122, 'boodsabong@fameline.com', 1, 'ยืม Note Book เพื่อทำงานนอกสถานที่', '2015-12-14', '08:27:46', '2015-12-14', '08:36:46', 'Complete', ' ดำเนินการให้เรียบร้อยแล้วครับ\r\n\r\n*ได้รับเครื่องกับคืนแล้ว', 'Promtep Maturapilas (เม่น)', 'หากติดปัญหา หรือมีข้อสงสัยเพิ่มเติม กรุณาโทร 202 ฝ่าย IT');
INSERT INTO `job` VALUES (117, 'manassamit', 'kloyeam', 3, 120, 'manassamit@fameline.com', 3, 'outlook ที่เครื่องหายไปคับ รบกวนมาดูให้ด่วน\r\nเพราะทำงานไม่ได้คับผม', '2015-12-14', '15:21:17', '2015-12-15', '08:21:32', 'Complete', 'ดำเนินการให้เรียบร้อยแล้วครับ\r\n\r\n* Shotcut หาย ให้สร้างใหม่ ก็ใช้ได้ปกติครับ', 'Promtep Maturapilas (เม่น)', 'หากติดปัญหา หรือมีข้อสงสัยเพิ่มเติม กรุณาโทร 202 ฝ่าย IT');
INSERT INTO `job` VALUES (118, 'พรวิภา', 'จันทร์ลา', 14, 38, 'pornvipa@fameline.com', 1, 'เมาส์คุณพรสุดา  ชำรุด  รบกวนส่งแบบสายเสียบมาแทนคะ', '2015-12-15', '18:47:17', '2015-12-16', '16:36:01', 'Complete', 'ดำเนินการเปลี่ยนให้เรียบร้อยแล้วครับ', 'Promtep Maturapilas (เม่น)', 'หากติดปัญหา หรือมีข้อสงสัยเพิ่มเติม กรุณาโทร 202 ฝ่าย IT');
INSERT INTO `job` VALUES (119, 'kanyanee', 'suwanseangsri', 16, 108, 'dcc@fameline.com', 5, 'รบกวนแอด e-mail dcc เข้า Group Fameline ให้ด้วยคะ  ขอบคุณคะ', '2015-12-15', '18:56:25', '2015-12-16', '16:37:09', 'Complete', 'ดำเนินการให้เรียบร้อยแล้วครับ', 'Promtep Maturapilas (เม่น)', 'หากติดปัญหา หรือมีข้อสงสัยเพิ่มเติม กรุณาโทร 202 ฝ่าย IT');
INSERT INTO `job` VALUES (120, 'มณฑิชา', 'จำปาศรี', 17, 800063680, 'monticha@fameline.com', 1, 'จะลง Driver ช่วยปลดล็อค Password ให้ด้วยค่ะ', '2015-12-18', '14:25:14', '2015-12-22', '16:06:20', 'Complete', 'ดำเนินการรีโมทเข้าไปติดตั้งให้แล้วครับ', 'Promtep Maturapilas (เม่น)', 'หากติดปัญหา หรือมีข้อสงสัยเพิ่มเติม กรุณาโทร 202 ฝ่าย IT');
INSERT INTO `job` VALUES (121, 'patticha', 'naikorn', 13, 863397639, 'patticha@fameline.com', 3, 'รบกวนทาง IT ช่วยเช็ค Wifi ในส่วนของโรงงาน 2 ค่ะ\r\nเนื่องจากตอนนี้ไม่สามารถใช้งานได้ค่ะ', '2015-12-21', '09:17:22', '2015-12-22', '16:07:16', 'Complete', 'รีสต๊าท Wifi ที่อยู่หน้าห้อง QC โรงงาน 2 สามารถใช้งานได้แล้วครับ', 'Promtep Maturapilas (เม่น)', 'หากติดปัญหา หรือมีข้อสงสัยเพิ่มเติม กรุณาโทร 202 ฝ่าย IT');
INSERT INTO `job` VALUES (122, 'จินวดี', 'อินพล', 14, 810723784, 'jinwadee@fameline.com', 2, 'เวลาปริ้นไฟล์ PDF ตัวหนังสือขาดหายไป', '2015-12-22', '15:23:08', '2015-12-28', '09:37:28', 'Complete', 'แก้ไขเรียบร้อยแล้วครับ', 'Promtep Maturapilas (เม่น)', 'หากติดปัญหา หรือมีข้อสงสัยเพิ่มเติม กรุณาโทร 202 ฝ่าย IT');
INSERT INTO `job` VALUES (125, 'มณฑิชา', 'จำปาศรี', 17, 800063680, 'monticha@fameline.com', 1, 'คอมพิวเตอร์มีปัญหา 2 เครื่องค่ะ\r\n1. เครื่องของผู้จัดการ ใส่ Password เพื่อ Log in เข้าเครื่อง แต่ไม่สามารถเข้าได้\r\n2.เครื่องของ ( คมกริช )  ต้องการลงวินโดว์ใหม่ เนื่องจากมีปัญหากับระบบ PLC ค่ะ ', '2015-12-22', '15:29:53', '2015-12-24', '13:26:56', 'Complete', 'ดำเนินการแก้ไขให้เรียบร้อยแล้วครับ\r\n\r\n *จัดส่งเครื่องคืนให้เรียบร้อยครับ', 'Promtep Maturapilas (เม่น)', 'หากติดปัญหา หรือมีข้อสงสัยเพิ่มเติม กรุณาโทร 202 ฝ่าย IT');
INSERT INTO `job` VALUES (126, 'Udomsak', 'Kaew-udom', 16, 109, 'udomsak@fameline.com', 2, 'ส่วนงาน QA ต้องการเข้าระบบ ERP ได้ เพื่อสามารถเข้าไปตรวจสอบวิเคราะห์กรณีปัญหาข้อร้องเรียนและ NCR (ต้องการมองเห็นได้แต่ไม่ต้องการแก้ไขใดๆ) 192.168.1.110      ', '2015-12-24', '12:05:00', '2015-12-25', '08:25:06', 'Complete', 'ดำเนินการติดตั้งให้เรียบร้อยครับ', 'Promtep Maturapilas (เม่น)', 'หากติดปัญหา หรือมีข้อสงสัยเพิ่มเติม กรุณาโทร 202 ฝ่าย IT');
INSERT INTO `job` VALUES (127, 'สมเกียรติ', 'นาราช', 2, 81, 'somkiet@fameline.com', 3, 'จัดระบบคอมพิวเตอร์ให้พร้อมใช้งาน   เนื่องจากฝ่ายบัญชีที่พานทองย้ายที่นั่งทำงานจาก สนง.ฝ่ายคลัง ไปนั่งที่บริเวณฝ่าย สนง. HR  โรงงาน-1  ในวันที่ 4 มค.59      ', '2015-12-26', '13:33:52', '2016-01-05', '09:49:06', 'Complete', 'ดำเนินการให้เรียบร้อยแล้วครับ', 'Promtep Maturapilas (เม่น)', 'หากติดปัญหา หรือมีข้อสงสัยเพิ่มเติม กรุณาโทร 202 ฝ่าย IT');
INSERT INTO `job` VALUES (128, 'สมเกียรติ', 'นาราช', 2, 115, 'somkiet@fameline.com', 2, 'กรุณาลงโปรแกรม ERP ที่ใช้ทดลองเล่น (Test) และตัวจริง ลงในเครื่องของพนักงานบัญชีทุกเครื่อง ตั้งแต่วันที่ 28/12/58 ถึง 08/01/59', '2015-12-28', '09:19:16', '2016-01-06', '14:00:08', 'Complete', 'ดำเนินการให้เรียบร้อยแล้วครับ', 'Promtep Maturapilas (เม่น)', 'หากติดปัญหา หรือมีข้อสงสัยเพิ่มเติม กรุณาโทร 202 ฝ่าย IT');
INSERT INTO `job` VALUES (129, 'Duentem', 'Paijaroen', 12, 100, 'duentem@fameline.com', 2, 'เข้าใช้งาน erp ไม่ได้คะ IP 192.168.1.147', '2015-12-28', '13:15:49', '2016-01-04', '07:43:37', 'Complete', 'ดำเนินการให้เรียบร้อยแล้วครับ', 'Promtep Maturapilas (เม่น)', 'หากติดปัญหา หรือมีข้อสงสัยเพิ่มเติม กรุณาโทร 202 ฝ่าย IT');
INSERT INTO `job` VALUES (130, 'พรสุดา ', 'ลิ้มประพันธ์', 14, 107, 'pornsuda.l@fameline.com', 1, '1.เข้า โปรแกรม E-HRM  ผ่าน หน้า Intraweb  ไม่ได้\r\n2.เรียกรายงานจากโปรแกรม Tiger Soft  ไม่ได้\r\n', '2016-01-06', '13:31:38', '2016-01-06', '13:38:21', 'Complete', 'ดำเนินการแก้ไขให้เรียบร้อยแล้วครับ', 'Promtep Maturapilas (เม่น)', 'หากติดปัญหา หรือมีข้อสงสัยเพิ่มเติม กรุณาโทร 202 ฝ่าย IT');
INSERT INTO `job` VALUES (131, 'จีรศักดิ์', 'สุดลาภา', 15, 87, 'jeerasak@fameline.com', 4, 'เครื่องปริ๊น EPSON คลังสินค้าปริ๊นไม่ออกครับ\r\n', '2016-01-07', '15:10:56', '2016-01-08', '10:23:22', 'Complete', 'ดำเนินการแก้ไขให้เรียบร้อยแล้วครับ', 'Promtep Maturapilas (เม่น)', 'หากติดปัญหา หรือมีข้อสงสัยเพิ่มเติม กรุณาโทร 202 ฝ่าย IT');
INSERT INTO `job` VALUES (132, 'จีรศักดิ์', 'สุดลาภา', 15, 87, '่jeerasak01@fameline.com', 4, 'รบกวนแก้ไขเครื่องปริ็นคลังฯครับ  \r\nปริ็นไม่ออกครับ  \r\nเครื่อง ก๊อบ  พี่โจ๊ะ  แมว  เบนซ์\r\n', '2016-01-08', '15:14:13', '2016-01-09', '08:43:15', 'Complete', 'ดำเนินการเรียบร้อยแล้วครับ', 'Promtep Maturapilas (เม่น)', 'หากติดปัญหา หรือมีข้อสงสัยเพิ่มเติม กรุณาโทร 202 ฝ่าย IT');
INSERT INTO `job` VALUES (133, 'Duentem', 'Paijaroen', 12, 100, 'duentem@fameline.com', 3, 'folder KPI แผนกขึ้นรูป 2558 หายไปจาก win 0802  ตาม link ด้านล่าง\r\n\\\\win0802\\FACTORY_ON\\P1_INTERNAL\\ใบสั่งผลิต\\งานแผนกผลิตปี_2558', '2016-01-09', '08:24:59', '2016-01-09', '08:46:50', 'Complete', 'ดำเนินการกู้ข้อมูลให้เรียบร้อยแล้วคัรบ', 'Promtep Maturapilas (เม่น)', 'หากติดปัญหา หรือมีข้อสงสัยเพิ่มเติม กรุณาโทร 202 ฝ่าย IT');
INSERT INTO `job` VALUES (134, 'Duentem', 'Paijaroen', 12, 100, 'duentem@fameline.com', 2, 'เข้าใช้งาน ERP ไม่ได้ IP 103', '2016-01-11', '14:00:36', '2016-01-11', '14:16:06', 'Complete', 'ดำเนินการให้เรียบร้อยแล้วครับ', 'Promtep Maturapilas (เม่น)', 'หากติดปัญหา หรือมีข้อสงสัยเพิ่มเติม กรุณาโทร 202 ฝ่าย IT');
INSERT INTO `job` VALUES (135, 'manassamit', 'kloyeam', 3, 120, 'manassamit@fameline.com', 5, 'รบกวนอัพเดท เมลล์ warehouse_dept@fameline.com เป็น รายชื่อปัจจุบันตามด้านล่างนี้  เสร็จแล้วรบกวนส่งเมลล์แจ้ง และ scarp เมลล์ที่เปลี่ยนให้ดูด้วยนะคะ\r\nขอบคุณค่ะ\r\njarus@fameline.com\r\njeerasak@fameline.com\r\nyaowalak@fameline.com\r\nsophita@fameline.com\r\nnantaporn@fameline.com\r\nsunisa@fameline.com\r\npairod@fameline.com\r\nsopida@fameline.com\r\nrangsun@fameline.com\r\n\r\n', '2016-01-11', '14:16:33', '2016-01-11', '16:25:35', 'Complete', 'ดำเนินการเรียบร้อยครับ', 'Promtep Maturapilas (เม่น)', 'หากติดปัญหา หรือมีข้อสงสัยเพิ่มเติม กรุณาโทร 202 ฝ่าย IT');
INSERT INTO `job` VALUES (136, 'ภูวนัย', 'อาจหาญ', 13, 127, 'poolwanai@fameline.com', 2, 'ขอรหัสสำหรับหัวหน้าหน่วยผลิต ACP 2ID ครับ สำหรับทำการเบิก คืน ส่งงานเข้าคลังครับ\r\n1.นายพิพัฒน์    ยะสาร     รหัสพนักงาน10195  (Pipat)\r\n2.นายพัชรพงษ์ พงษ์ทิตย์ รหัสพนักงาน 10380 (Patcharapong)\r\n\r\n      ', '2016-01-12', '16:52:21', '2016-01-14', '16:51:27', 'Complete', 'ดำเนินการให้เรียบร้อยแล้วครับ', 'Promtep Maturapilas (เม่น)', 'หากติดปัญหา หรือมีข้อสงสัยเพิ่มเติม กรุณาโทร 202 ฝ่าย IT');
INSERT INTO `job` VALUES (137, 'ภิรมย์ญา', 'มีโชค', 2, 129, 'piromya@fameline.com', 4, 'ปริ๊นงานและถ่ายเอกสารถาดข้างไม่ได้ค่ะ', '2016-01-13', '13:51:38', '2016-01-13', '14:00:38', 'Complete', 'ดำเนินการแก้ไขให้เรียบร้อยแล้วครับ\r\n\r\n *ตั้งค่าที่เครื่องปริ้นใหม่', 'Promtep Maturapilas (เม่น)', 'หากติดปัญหา หรือมีข้อสงสัยเพิ่มเติม กรุณาโทร 202 ฝ่าย IT');
INSERT INTO `job` VALUES (138, 'สถิตย์ภรณ์', 'เรือนดี', 14, 102, 'satitporn@fameline.com', 1, 'Keyborad พังค่ะ ขอเบิกใหม่', '2016-01-14', '14:36:31', '2016-01-14', '16:20:14', 'Complete', 'จัดส่งตัวใหม่ให้ ในเย็น วันที่ 14 ม.ค.59\r\n \r\n* กรุณาส่งตัวเก่ากลับมาด้วยครับ', 'Promtep Maturapilas (เม่น)', 'หากติดปัญหา หรือมีข้อสงสัยเพิ่มเติม กรุณาโทร 202 ฝ่าย IT');
INSERT INTO `job` VALUES (139, 'MS.PORNSUDA', 'LIMPRAPAN', 14, 841067383, 'pornsuda.l@fameline.com', 4, 'ปินส์งาน ปินส์เตอร์ EPSON L800 ไม่ได้คะกรุณาแก้ไขให้ด้วย', '2016-01-15', '16:21:02', '2016-02-09', '14:51:55', 'Complete', 'เครื่องพริ้นเตอร์เสีย ไม่สามารถใช้งานได้ครับ\r\n\r\n*ซ่อมไม่คุ้ม', 'Promtep Maturapilas (เม่น)', 'หากติดปัญหา หรือมีข้อสงสัยเพิ่มเติม กรุณาโทร 202 ฝ่าย IT');
INSERT INTO `job` VALUES (140, 'Udomsak', 'Kaew-udom', 16, 109, 'udomsak@fameline.com', 2, 'ต้องการเข้าไปดูยอดสต๊อกได้\r\n192.168.1.110', '2016-01-15', '16:29:06', '2016-01-18', '17:03:52', 'Complete', 'ดำเนินการให้เรียบร้อยแล้วครับ', 'Promtep Maturapilas (เม่น)', 'หากติดปัญหา หรือมีข้อสงสัยเพิ่มเติม กรุณาโทร 202 ฝ่าย IT');
INSERT INTO `job` VALUES (141, 'Kanyaneee', 'Suwansengsri', 16, 108, 'dcc@fameline', 1, '1. ขอกู้ข้อมูลไฟล์ DCC ช่วงปี 2558 ให้หน่อยคะ ขอ 2 ช่วงนะคะ\r\n2. ขอเบิกคีย์บอร์ดมาต่อกับ Notebook เพื่อคีย์งานคะ\r\n3. เม้าท์เริ่มจะพังแล้วขอเบิกใหม่คะ', '2016-01-15', '19:21:16', '2016-01-19', '08:37:06', 'Complete', '1. ไม่มีข้อมูลตามที่แจ้งมาครับ (ทางโทรศัพท์)\r\n\r\n2-3. จัดส่งให้เรียบร้อยแล้ว     ', 'Promtep Maturapilas (เม่น)', 'หากติดปัญหา หรือมีข้อสงสัยเพิ่มเติม กรุณาโทร 202 ฝ่าย IT');
INSERT INTO `job` VALUES (169, 'รัศมี', 'รักภักดี', 2, 107, 'ratsamee@fameline.com', 1, 'ต้องการเข้า Server : \\\\win0801\\SALE EXPORT\\MO EXTERNAL\\AC TO MO\\Sales Report จ้า', '2016-02-09', '14:59:26', '2016-02-09', '15:27:43', 'Complete', 'ดำเนินการเรียบร้อยครับ', 'Promtep Maturapilas (เม่น)', 'หากติดปัญหา หรือมีข้อสงสัยเพิ่มเติม กรุณาโทร 202 ฝ่าย IT');
INSERT INTO `job` VALUES (143, 'Duentem', 'Paijaroen', 12, 100, 'duentem@fameline.com', 1, 'โปรแกรม line ใช้ไม่ได้ IP .201 ', '2016-01-20', '09:54:17', '2016-01-21', '14:30:31', 'Complete', 'ดำเนินการให้เรียบร้อยครับ', 'Promtep Maturapilas (เม่น)', 'หากติดปัญหา หรือมีข้อสงสัยเพิ่มเติม กรุณาโทร 202 ฝ่าย IT');
INSERT INTO `job` VALUES (144, 'จินวดี', 'อินพล', 14, 810723784, 'jinwadee@fameline.com', 3, 'เข้าใช้งานในการจองห้องประชุมไม่ได้', '2016-01-20', '14:50:29', '2016-01-21', '14:30:54', 'Complete', 'ดำเนินการให้เรียบร้อยแล้วครับ', 'Promtep Maturapilas (เม่น)', 'หากติดปัญหา หรือมีข้อสงสัยเพิ่มเติม กรุณาโทร 202 ฝ่าย IT');
INSERT INTO `job` VALUES (142, 'พรเทวา', 'คำจันทร์', 12, 120, 'pornthewa@fameline.com', 4, 'ลง Driver Printer BU2\r\n\r\n\r\n\r\n', '2016-01-18', '11:00:10', '2016-01-18', '11:11:16', 'Complete', 'ดำเนินการให้เรียบร้อยแล้วครับ', 'Promtep Maturapilas (เม่น)', 'หากติดปัญหา หรือมีข้อสงสัยเพิ่มเติม กรุณาโทร 202 ฝ่าย IT');
INSERT INTO `job` VALUES (145, 'Udomsak', 'Kaew-udom', 16, 109, 'udomsak@fameline.com', 5, 'ขอให้ลงอีเมลในสมาร์ทโฟน', '2016-01-21', '15:28:36', '2016-01-22', '08:16:05', 'Complete', 'ดำเนินการเรียบร้อยแล้วครับ', 'Promtep Maturapilas (เม่น)', 'หากติดปัญหา หรือมีข้อสงสัยเพิ่มเติม กรุณาโทร 202 ฝ่าย IT');
INSERT INTO `job` VALUES (146, 'Udomsak', 'Kaew-udom', 16, 109, 'udomsak@fameline.com', 2, 'ต้องการเข้าใช้งานระบบ ERP\r\nIC-สินค้าคงคลัง\r\nPC-การจัดซื้อ\r\nSA-การขาย', '2016-01-21', '15:34:42', '2016-01-22', '14:17:39', 'Complete', 'ดำเนินการให้เรียบร้อยแล้วครับ', 'Promtep Maturapilas (เม่น)', 'หากติดปัญหา หรือมีข้อสงสัยเพิ่มเติม กรุณาโทร 202 ฝ่าย IT');
INSERT INTO `job` VALUES (147, 'รจนา', 'ลิ่มศิลาชัย', 2, 107, 'NA.ROJANA@FAMELINE.COM', 3, 'แจ้งชื่อสร้างอีเมล', '2016-01-22', '08:45:51', '2016-01-22', '08:51:38', 'Complete', 'ตามนโยบายบริษัท พนักงานต้องผ่านโปรแล้วเท่านั้น ฝ่าย IT ถึงจะดำเนินการทำ E-mail ให้ครับ\r\n\r\n *ระยะผ่านโปรแล้วแต่ฝ่าย 3-4 เดือน', 'Promtep Maturapilas (เม่น)', 'หากติดปัญหา หรือมีข้อสงสัยเพิ่มเติม กรุณาโทร 202 ฝ่าย IT');
INSERT INTO `job` VALUES (148, 'จีรศักดิ์', 'สุดลาภา', 15, 87, 'jeerasak@fameline.com', 4, '192.168.1.137 เครื่องคุณทรงศักดิ์ ปริ๊นเครื่องEPSON (ปริ๊นต่อเนื่อง) ไม่ได้ครับ ใช้ปริ๊นใบนำออกส่งให้ลูกค้า\r\n', '2016-01-22', '11:11:11', '2016-03-07', '10:37:47', 'Complete', 'ดำเนินการเรียบร้อยแล้วครับ', 'Promtep Maturapilas (เม่น)', 'หากติดปัญหา หรือมีข้อสงสัยเพิ่มเติม กรุณาโทร 202 ฝ่าย IT');
INSERT INTO `job` VALUES (149, 'สมภพ', 'โหมดม่วง', 4, 812050700, 'sompob@fameline.com', 1, 'ครีเอทลายเซ็นดิจิตอลสำหรับการอนุมัติงานผ่านระบบออนไลนฺ์', '2016-01-22', '14:24:50', '2016-01-22', '14:40:28', 'Complete', 'ดำเนินการให้เรียบร้อยแล้วครับ', 'Promtep Maturapilas (เม่น)', 'หากติดปัญหา หรือมีข้อสงสัยเพิ่มเติม กรุณาโทร 202 ฝ่าย IT');
INSERT INTO `job` VALUES (150, 'nantaporn', 'komking', 15, 133, 'nantaporn@fameline.com', 4, 'เครื่องถ่ายเอกสารปริ้นไม่ค่อยออกคะ กระดาษติดบ่อย.', '2016-01-25', '14:53:00', '2016-01-26', '09:23:22', 'Complete', 'รับทราบและแนะนำวิธีแก้ปัญหาเบื้องต้นแล้ว\r\n\r\n* ต้องรอช่างของ Kyocera มาตรวจเช็คอาการครับ', 'Promtep Maturapilas (เม่น)', 'หากติดปัญหา หรือมีข้อสงสัยเพิ่มเติม กรุณาโทร 202 ฝ่าย IT');
INSERT INTO `job` VALUES (151, 'บุษบง', 'ฉัตรโอฬารกุล', 8, 122, 'boodsabong@fameline.com', 4, 'ให้ย้ายเครื่อง print EPSON ไปไว้ที่คุณเม (Adm.โครงการ)', '2016-01-26', '10:53:15', '2016-01-27', '11:56:40', 'Complete', 'ดำเนินการให้เรียบร้อยแล้วครับ     ', 'Promtep Maturapilas (เม่น)', 'หากติดปัญหา หรือมีข้อสงสัยเพิ่มเติม กรุณาโทร 202 ฝ่าย IT');
INSERT INTO `job` VALUES (152, 'วชิรา', 'สงวนนาม', 8, 205, 'boodsabong@fameline.com', 1, 'ขอแจ้งเปลี่ยน keyboard ให้คุณวชิรา (K.เม)', '2016-01-26', '10:56:59', '2016-01-27', '11:57:09', 'Complete', 'ดำเนินการให้เรียบร้อยแล้วครับ    ', 'Promtep Maturapilas (เม่น)', 'หากติดปัญหา หรือมีข้อสงสัยเพิ่มเติม กรุณาโทร 202 ฝ่าย IT');
INSERT INTO `job` VALUES (153, 'จีรศักดิ์', 'สุดลาภา', 15, 87, '่jeerasak01@fameline.com', 4, 'เครื่องคุณสุนิสาปริ๊นเครื่องพิมพ์บาร์โค้ดไม่ออกครับ\r\nรบกวนคุณเม่นย้ายเครื่องแม่มาเป็นเครื่องก็อบครับ*-*\r\nขอบคุณครับ', '2016-01-26', '11:19:16', '2016-02-09', '14:51:06', 'Complete', 'แก้ไขเรียบร้อยครับ', 'Promtep Maturapilas (เม่น)', 'หากติดปัญหา หรือมีข้อสงสัยเพิ่มเติม กรุณาโทร 202 ฝ่าย IT');
INSERT INTO `job` VALUES (154, 'yaowalak', 'kerdsawat', 15, 131, 'yaowalak@fameline.com', 2, 'รบกวนตามเรื่องการเข้าระบบ ERP.\r\nของ yada sawisit ให้ด้วยค่ะ \r\n\r\nขอบคุณค่ะ', '2016-01-26', '11:22:40', '2016-01-26', '15:18:39', 'Complete', 'รับทราบครับ ดำเนินการให้เรียบร้อยแล้วครับ', 'Promtep Maturapilas (เม่น)', 'หากติดปัญหา หรือมีข้อสงสัยเพิ่มเติม กรุณาโทร 202 ฝ่าย IT');
INSERT INTO `job` VALUES (157, 'Chanthima', 'Pametho', 16, 827511641, 'chanthima@fameline.com', 4, 'ขอเพิ่มจำนวนแผ่นปริ้นสี อีก20 แผ่นค่ะ\r\nIP : 192.168.1.109\r\nKyocera FS-C8520 MFP XX', '2016-01-27', '11:56:42', '2016-01-27', '11:58:33', 'Complete', 'เรียบร้อยครับ', 'Promtep Maturapilas (เม่น)', 'หากติดปัญหา หรือมีข้อสงสัยเพิ่มเติม กรุณาโทร 202 ฝ่าย IT');
INSERT INTO `job` VALUES (158, 'kanyanee', 'suwanseangsri', 16, 108, 'dcc@fameline.com', 3, 'ปัญหาคือ DC ไม่สามารถแก้ไขชื่อไฟล์และเซฟทับในชื่อเดิมได้ต้องเปลี่ยนชื่อไฟล์ และไม่สามารถลบไฟล์เก่าออกได้ ต้องให้เจ้าของสิทธิ์ลบให้ จะเป็นแบบนี้กับไฟล์ที่ Save หรือ Copy โดยคุณอุดมศักดิ์ และคุณภานุวัฒน์  รบกวน IT Check ให้ทีคะว่าเกิดจากอะไร', '2016-01-29', '14:54:16', '2016-02-01', '10:16:46', 'Complete', 'ดำเนินการแก้ไขเรียบร้อยแล้วครับ', 'Promtep Maturapilas (เม่น)', 'หากติดปัญหา หรือมีข้อสงสัยเพิ่มเติม กรุณาโทร 202 ฝ่าย IT');
INSERT INTO `job` VALUES (155, 'manassamit', 'kloyeam', 3, 120, 'manassamit@fameline.com', 4, 'เครื่องคอม สั่งปริ๊นไม่ออก ค่ะ รบกวนแก้ไขให้ด้วยค่ะ\r\n', '2016-01-26', '14:24:29', '2016-01-26', '14:30:57', 'Complete', 'ลองตรวจสอบดูอีกรอบนะครับ จากการตรวจเช็ค พบว่าเครื่องปกติครับ\r\n*ไม่ทราบว่าสั่งงานพริ้นอะไรครับ ลองตรวจสอบขนาดกระดาษ, หน้ากระดาษด้วยครับ อาจจะเป็นอีก 1 สาเหตุครับ', 'Promtep Maturapilas (เม่น)', 'หากติดปัญหา หรือมีข้อสงสัยเพิ่มเติม กรุณาโทร 202 ฝ่าย IT');
INSERT INTO `job` VALUES (156, 'นายภานุวัฒน์', 'วงษ์มีแก้ว', 16, 84, 'panuwat.w@fameline.com', 1, 'เวลาที่เปิดหน้าจอโน๊ตบุ๊คขึ้น มันจะมีเสียงดังแก้ก และเคสโน็ตบุ๊คบริเวณข้อต่อก็จะอ้าออก', '2016-01-26', '19:24:48', '2016-02-04', '09:53:19', 'Complete', 'แนะนำวิธีการแก้ไขให้เรียบร้อยแล้วครับ      ', 'Promtep Maturapilas (เม่น)', 'หากติดปัญหา หรือมีข้อสงสัยเพิ่มเติม กรุณาโทร 202 ฝ่าย IT');
INSERT INTO `job` VALUES (159, 'วชิรา', 'สงวนนาม', 8, 205, 'wachira.Fameline', 2, 'ขอเพิ่มรายละเอียดข้อมูลในการส่งPR เข้าห้องจัดซื้อ', '2016-02-01', '13:33:50', '2016-02-01', '13:45:31', 'Complete', 'ดำเนินการให้เรียบร้อยครับ', 'Promtep Maturapilas (เม่น)', 'หากติดปัญหา หรือมีข้อสงสัยเพิ่มเติม กรุณาโทร 202 ฝ่าย IT');
INSERT INTO `job` VALUES (160, 'บุษบง', 'ฉัตรโอฬารกุล', 8, 122, 'boodsabong@fameline.com', 4, 'Printer Error ค่ะ', '2016-02-02', '10:47:52', '2016-02-02', '10:50:35', 'Complete', 'ใช้งานได้ปกติแล้วครับ', 'Promtep Maturapilas (เม่น)', 'หากติดปัญหา หรือมีข้อสงสัยเพิ่มเติม กรุณาโทร 202 ฝ่าย IT');
INSERT INTO `job` VALUES (161, 'arkhom', 'saengnorach', 8, 27553641, 'arkhom@fameline.com', 1, 'กู้ข้อมูลให้ด้วยครับ\r\n\r\n\\\\win0801\\DESIGN ASSIST DPT\\NCCS\\BU-2\\2016-001-BU2-Noble Revolve Ratchada\r\n\\NCCS_R20_B Noble Revolve Ratchada\r\n\\NCCS_R20_B Noble Revolve Ratchada - Copy', '2016-02-02', '11:10:42', '2016-02-02', '11:19:45', 'Complete', 'ดำเนินการให้เรียบร้อยแล้วครับ', 'Promtep Maturapilas (เม่น)', 'หากติดปัญหา หรือมีข้อสงสัยเพิ่มเติม กรุณาโทร 202 ฝ่าย IT');
INSERT INTO `job` VALUES (162, 'manassamit', 'kloyeam', 3, 120, 'manassamit@fameline.com', 4, 'ปัญหาเดิม ปริ๊นไม่ได้ ลองตรวจสอบกระดาษแล้วปกติ\r\nอยากให้ลองดูว่า เครื่องปริ๊นตัวนี้ได้ link กับคอมหรือเปล่า', '2016-02-02', '11:49:51', '2016-02-02', '11:55:26', 'Complete', 'เครื่องพริ้นเตอร์ไม่ได้ต่ออยู่กับอุปกรณ์\r\n\r\n *แนะนำวิธีแก้ไข้แล้วครับ', 'Promtep Maturapilas (เม่น)', 'หากติดปัญหา หรือมีข้อสงสัยเพิ่มเติม กรุณาโทร 202 ฝ่าย IT');
INSERT INTO `job` VALUES (163, 'ไพบูลย์', 'ยืนชีวี', 13, 984426930, 'piboon@Fameline.com', 5, 'รบกวนช่วยทำ e-mail พนักงานใหม่เข้ามาทำงานตั้งแต่วันที่1/02/59ในตำแหน่งหัวหน้าแผนกCoating ใช้คอมพิวเตอร์เครื่องรหัส 192.168.134\r\nชื่อนาย ฉลอง ประมาณ ชื่อภาษาอังกฤษ chalong Praman และทำลายเซ็นอีเล็คทรอนิคให้ด้วยครับ \r\nขอบคุณครับ', '2016-02-02', '11:57:27', '2016-02-04', '09:52:39', 'Complete', 'ดำเนินการติดตั้งให้เรียบร้อยแล้วครับ', 'Promtep Maturapilas (เม่น)', 'หากติดปัญหา หรือมีข้อสงสัยเพิ่มเติม กรุณาโทร 202 ฝ่าย IT');
INSERT INTO `job` VALUES (164, 'สุรีรัตน์', 'ทองเดช', 2, 125, 'sureerat.t@fameline.com', 1, 'รบกวนช่วยเดินรางสายไฟให้ใหม่ด้วยค่ะ เนื่องจากสายไฟตึงเกินไปไม่สามารถขยับโต๊ะได้', '2016-02-04', '15:19:23', '2016-02-05', '09:26:30', 'Complete', 'ดำเนินการแก้ไขให้เรียบร้อยแล้วครับ', 'Promtep Maturapilas (เม่น)', 'หากติดปัญหา หรือมีข้อสงสัยเพิ่มเติม กรุณาโทร 202 ฝ่าย IT');
INSERT INTO `job` VALUES (165, 'ฉลอง', 'ประมาณ', 13, 126, 'chalong@fameline.com', 4, 'รบกวนดูคอม No. 192.168.1.152  สั่ง Print ไปเครื่อง Printer Kyocera FS-6525-MFP KX ไม่ออกครับ', '2016-02-05', '13:55:27', '2016-02-05', '15:02:29', 'Complete', 'แก้ไขเรียบร้อยแล้วครับ', 'Promtep Maturapilas (เม่น)', 'หากติดปัญหา หรือมีข้อสงสัยเพิ่มเติม กรุณาโทร 202 ฝ่าย IT');
INSERT INTO `job` VALUES (166, 'ฉลอง', 'ประมาณ', 13, 126, 'chalong@fameline.com', 2, 'รบกวนขอ Username และ  Password เข้าระบบ ERP ด้วยครับ \r\n                                  ขอบคุณครับ\r\n         \r\n                        \r\n\r\n                 ', '2016-02-05', '16:20:28', '2016-03-07', '10:34:30', 'Complete', 'ดำเนินการเรียบร้อยครับ', 'Promtep Maturapilas (เม่น)', 'หากติดปัญหา หรือมีข้อสงสัยเพิ่มเติม กรุณาโทร 202 ฝ่าย IT');
INSERT INTO `job` VALUES (167, 'จีรศักดิ์', 'สุดลาภา', 15, 87, '่jeerasak01@fameline.com', 5, 'ช่วยแอด E-mail รวมของฝ่ายคลังสินค้าครับ', '2016-02-09', '09:46:19', '2016-02-09', '09:48:35', 'Complete', 'ดำเนินการเรียบร้อยแล้วครับ', 'Promtep Maturapilas (เม่น)', 'หากติดปัญหา หรือมีข้อสงสัยเพิ่มเติม กรุณาโทร 202 ฝ่าย IT');
INSERT INTO `job` VALUES (168, 'นายภานุวัฒน์', 'วงษ์มีแก้ว', 16, 84, 'panuwat.w@fameline.com', 1, 'เครื่อง 192.168.1.83 \r\nสร้าง Folder ขึ้นมาแล้ว จะกลับมาแก้ไขชื้อ แต่แก้ไขไม่ได้', '2016-02-09', '11:58:53', '2016-02-09', '14:50:32', 'Complete', 'ใช้งานได้ปกติแล้วครับ', 'Promtep Maturapilas (เม่น)', 'หากติดปัญหา หรือมีข้อสงสัยเพิ่มเติม กรุณาโทร 202 ฝ่าย IT');
INSERT INTO `job` VALUES (170, 'manassamit', 'kloyeam', 3, 120, 'manassamit@fameline.com', 4, 'ปริ๊นไม่ออก ดูสถานะเครื่อง ได้เชื่อมต่อแล้ว ขนาดกระดาษปกติ แต่ปริ๊นไม่ออก', '2016-02-10', '15:01:24', '2016-02-10', '15:22:30', 'Complete', ' เกินจากไฟล์งานที่สั่งไปมีขนาดใหญ่ทำให้เครื่องใช้เวลาให้การพริ้นนานกว่าปกติ\r\n\r\n*แนะนำวิธีแก้ไขแล้วครับ', 'Promtep Maturapilas (เม่น)', 'หากติดปัญหา หรือมีข้อสงสัยเพิ่มเติม กรุณาโทร 202 ฝ่าย IT');
INSERT INTO `job` VALUES (171, 'โสภิตา', 'ไฝต๊ะ', 15, 116, 'sophita@fameline.com', 1, 'ย้ายคอมพิวเตอร์ภายในห้องคลังเทพารักษ์', '2016-02-10', '15:28:15', '2016-02-10', '15:39:28', 'Complete', 'ดำเนินการให้เรียบร้อยแล้วครับ\r\n\r\n *ย้ายเครื่อง เดินสาย Lan ใหม่เรียบร้อย', 'Promtep Maturapilas (เม่น)', 'หากติดปัญหา หรือมีข้อสงสัยเพิ่มเติม กรุณาโทร 202 ฝ่าย IT');
INSERT INTO `job` VALUES (172, 'ณัฐพล', 'พลทรัพย์ศิริ', 8, 111, 'ืืnattapon.p@fameline.com', 5, 'ช่วยโหลดไฟล์งาน จาก DROPBOX ให้ด้วยครับ', '2016-02-12', '08:21:23', '2016-02-13', '08:13:28', 'Complete', 'ดำเนินการเรียบร้อยแล้วครับ', 'Promtep Maturapilas (เม่น)', 'หากติดปัญหา หรือมีข้อสงสัยเพิ่มเติม กรุณาโทร 202 ฝ่าย IT');
INSERT INTO `job` VALUES (173, 'nantaporn', 'kom', 15, 133, 'nantaporn@fameline.com', 4, '-เครื่องปริ้นบาร์โค้ทใช้ไม่ได้คะ เครื่องก๊อบ.', '2016-02-12', '09:09:28', '2016-02-12', '09:36:27', 'Complete', 'ตรวจสอบแล้ว ใช้งานได้ปกติครับ', 'Promtep Maturapilas (เม่น)', 'หากติดปัญหา หรือมีข้อสงสัยเพิ่มเติม กรุณาโทร 202 ฝ่าย IT');
INSERT INTO `job` VALUES (174, 'ภิรมย์ญา', 'มีโชค', 2, 129, 'piromya@fameline.com', 1, 'วางห้องPO,PRส่วนกลางให้เครื่องพี่พิ้งค์บัญชีที่พานทองให้หน่อยค่ะ', '2016-02-12', '11:46:12', '2016-02-13', '08:13:53', 'Complete', 'ดำเนินการเรียบร้อยแล้วครับ', 'Promtep Maturapilas (เม่น)', 'หากติดปัญหา หรือมีข้อสงสัยเพิ่มเติม กรุณาโทร 202 ฝ่าย IT');
INSERT INTO `job` VALUES (175, 'ฉลอง ', 'ประมาณ', 13, 126, 'chalong@fameline.com', 1, 'คอม No. 192.168.1.152 ไม่สามารถ Log on ได้', '2016-02-15', '08:16:24', '2016-02-15', '10:38:19', 'Complete', 'ดำเนินการตรวจเช็คให้แล้ว\r\n\r\n *ใส่พลาสเวริดไม่ถูกต้อง', 'Promtep Maturapilas (เม่น)', 'หากติดปัญหา หรือมีข้อสงสัยเพิ่มเติม กรุณาโทร 202 ฝ่าย IT');
INSERT INTO `job` VALUES (176, 'nantaporn', 'komking', 15, 133, 'nantaporn@fameline.com', 4, 'เครื่องปริ้น EPSON กับเครื่องปริ้น บาร์โค้ท ปริ้นไม่ออกคะ. 4เครื่องดังนี้คะ.\r\n-10475 นันทพร (ก๊อบ)\r\n-10549 คุณจีรศักดิ์ (พี่แมว)\r\n10417 คุณสุนิสา (พี่เบ้น)\r\n-10004 คุณประทวน(ป้าโจะ)', '2016-02-15', '13:06:02', '2016-02-15', '15:24:32', 'Complete', 'ดำเนินการแก้ไขให้แลว้ครับ', 'Promtep Maturapilas (เม่น)', 'หากติดปัญหา หรือมีข้อสงสัยเพิ่มเติม กรุณาโทร 202 ฝ่าย IT');
INSERT INTO `job` VALUES (177, 'พรวิภา', 'จันทร์ลา', 14, 38, 'pornvipa@fameline.com', 1, 'กล่องเสีย ', '2016-02-15', '14:20:18', '2016-02-15', '15:24:12', 'Complete', 'ดำเนินการแก้ไขให้เรียบร้อยแล้วครับ\r\n\r\n *ลงโปรแกรมของกล่องใหม่', 'Promtep Maturapilas (เม่น)', 'หากติดปัญหา หรือมีข้อสงสัยเพิ่มเติม กรุณาโทร 202 ฝ่าย IT');
INSERT INTO `job` VALUES (178, 'Udomsak', 'Kaew-udom', 16, 109, 'udomsak@fameline.com', 2, 'Request ERP trainning สำหรับแผนก QA/QC ด่วนครับ เพราะไม่สามารถเข้าดูได้เลย', '2016-02-15', '15:21:37', '2016-03-09', '10:07:18', 'Complete', ' ประสานงานต่อให้ คุณอาร์ต (เอกชัย) แล้วครับ\r\n\r\n*นัดวันดำเนินการเรียบร้อยครับ', 'Promtep Maturapilas (เม่น)', 'หากติดปัญหา หรือมีข้อสงสัยเพิ่มเติม กรุณาโทร 202 ฝ่าย IT');
INSERT INTO `job` VALUES (179, 'ภิรมย์ญา', 'มีโชค', 2, 129, 'piromya@fameline.com', 1, 'เข้าเว็บสรรพากรไม่ได้ค่ะ', '2016-02-16', '11:25:37', '2016-02-16', '11:34:47', 'Complete', 'แก้ไขเรียบร้อยแล้วครับ', 'Promtep Maturapilas (เม่น)', 'หากติดปัญหา หรือมีข้อสงสัยเพิ่มเติม กรุณาโทร 202 ฝ่าย IT');
INSERT INTO `job` VALUES (180, 'ภิรมย์ญา', 'มีโชค', 2, 129, 'piromya@fameline.com', 1, 'คีย์บอร์ดพัง ต้องการคีย์บอร์ดใหม่', '2016-02-16', '11:34:12', '2016-02-16', '16:35:32', 'Complete', 'ดำเนินการเปลี่ยนให้เรียบร้อยแล้วครับ', 'Promtep Maturapilas (เม่น)', 'หากติดปัญหา หรือมีข้อสงสัยเพิ่มเติม กรุณาโทร 202 ฝ่าย IT');
INSERT INTO `job` VALUES (181, 'ภานุวัฒน์', 'วงษ์มีแก้ว', 16, 846533945, 'Panuwat.K@fameline.com', 3, '   รบกวน IT เปิด Folder ของ DCC ให้เครื่อง192.168.1.81นี้เห็นด้วยคับ\r\n   จึงเรียนมาเพื่อทราบ\r\n\r\n', '2016-02-16', '16:11:28', '2016-02-16', '16:35:56', 'Complete', 'ดำเนินการให้เรียบร้อยแล้วครับ', 'Promtep Maturapilas (เม่น)', 'หากติดปัญหา หรือมีข้อสงสัยเพิ่มเติม กรุณาโทร 202 ฝ่าย IT');
INSERT INTO `job` VALUES (182, 'nantaporn', 'komking', 15, 133, 'nantaporn@fameline.com', 1, '-เครื่อง คุณ ประทวน(ป้าโจ๊ะ) เข้า ERP ไม่ได้คะ เปิดเครื่องช้าทำให้เครื่องอื่นปริ้นไม่ได้คะ.', '2016-02-17', '08:59:26', '2016-02-18', '08:16:58', 'Complete', 'ดำเนินการแก้ไขแล้วครับ', 'Promtep Maturapilas (เม่น)', 'หากติดปัญหา หรือมีข้อสงสัยเพิ่มเติม กรุณาโทร 202 ฝ่าย IT');
INSERT INTO `job` VALUES (183, 'ภานุวัฒน์', 'วงษ์มีแก้ว', 16, 846533945, 'Panuwat.w@fameline.com', 3, ' รบกวน IT กู้ข้อมูล สำเนา NCR LOG BY PHUPHAN ใน WIN 0802 QA_INTERNAL ใน FOLDER 03 คับ รบกวนด้วคับ\r\n', '2016-02-17', '09:00:27', '2016-02-18', '08:34:18', 'Complete', 'ดำเนินการกู้ข้อมูลให้เรียบร้อยแล้วครับ', 'Promtep Maturapilas (เม่น)', 'หากติดปัญหา หรือมีข้อสงสัยเพิ่มเติม กรุณาโทร 202 ฝ่าย IT');
INSERT INTO `job` VALUES (184, 'ฉลอง', 'ประมาณ', 13, 126, 'chalong@fameline.com', 1, 'คอม No. 192.168.1.152 shutdown เอง\r\nไม่ทราบสาเหตุ เป็นบ่อย', '2016-02-17', '09:36:24', '2016-03-03', '11:35:20', 'Hold', 'รอจัดส่งเครื่องกลับมาตรวจสอบครับ', 'Promtep Maturapilas (เม่น)', 'หากติดปัญหา หรือมีข้อสงสัยเพิ่มเติม กรุณาโทร 202 ฝ่าย IT');
INSERT INTO `job` VALUES (185, 'nantaporn', 'komking', 15, 133, 'nantaporn@fameline.com', 1, 'ขอลายเซนต์ อิเล็คทรอนิค ฝ่ายคลังสินค้า ดังนี้ค่ะ\r\n1.คุณประทวน(ป้าโจ๊ะ) 10004\r\n2.นันทพร ขอมกิ่ง(ก๊อบ)10475\r\n3.คุณสุนิสา สีล่า (พี่เบ้น) 10417\r\n4.คุณส่งศักดิ์ เหลืองอ่อน 10860\r\n5.คุณญาดา สาวิสิทธิ์ 10870      ', '2016-02-19', '13:24:57', '2016-03-03', '11:29:06', 'Complete', 'ดำเนินการให้เรียบร้อยครับ', 'Promtep Maturapilas (เม่น)', 'หากติดปัญหา หรือมีข้อสงสัยเพิ่มเติม กรุณาโทร 202 ฝ่าย IT');
INSERT INTO `job` VALUES (186, 'ภิรมย์ญา', 'มีโชค', 2, 129, 'piromya@fameline.com', 1, 'วางห้องpucchaseให้พี่บอนหน่อยค่ะ', '2016-02-20', '09:45:24', '2016-02-23', '11:02:23', 'Complete', 'ดำเนินการให้แล้วครับ', 'Promtep Maturapilas (เม่น)', 'หากติดปัญหา หรือมีข้อสงสัยเพิ่มเติม กรุณาโทร 202 ฝ่าย IT');
INSERT INTO `job` VALUES (187, 'วันดี', 'แซ่ตั้ง', 2, 127, 'wandee@fameline.com', 3, 'ขอเข้าใช้ google เรื่องการสร้างสูตรและฐานข้อมูล Excel 2013', '2016-02-23', '10:07:40', '2016-02-23', '11:01:59', 'Complete', 'ดำเนินการให้เรียบร้อยแล้วครับ', 'Promtep Maturapilas (เม่น)', 'หากติดปัญหา หรือมีข้อสงสัยเพิ่มเติม กรุณาโทร 202 ฝ่าย IT');
INSERT INTO `job` VALUES (188, 'มณฑิชา', 'จำปาศรี', 17, 909786620, 'monticha@fameline.com', 1, 'Notebook เครื่องใหม่ที่เอามาให้  ไม่สามารถเชื่อมต่อ internet ได้  ( ฟ้องให้ใส่ Password ค่ะ )', '2016-02-24', '09:18:33', '2016-02-24', '14:20:18', 'Complete', 'แก้ไขให้เรียบร้อยครับ', 'Promtep Maturapilas (เม่น)', 'หากติดปัญหา หรือมีข้อสงสัยเพิ่มเติม กรุณาโทร 202 ฝ่าย IT');
INSERT INTO `job` VALUES (189, 'ฉลอง', 'ประมาณ', 13, 126, 'chalong@fameline.com', 1, 'คอม No. 192.168.1.152 Log on\r\n User Name: chalong ไม่ได้ รบกวน Remote แก้ไข\r\nให้ด่วน ต้องเปิดใบสั่งผลิตครับ', '2016-02-24', '09:38:50', '2016-02-24', '10:55:45', 'Complete', 'แก้ไขให้ใช้งานได้แล้วครับ', 'Promtep Maturapilas (เม่น)', 'หากติดปัญหา หรือมีข้อสงสัยเพิ่มเติม กรุณาโทร 202 ฝ่าย IT');
INSERT INTO `job` VALUES (190, 'Chanthima', 'Pametho', 16, 827511641, 'chanthima@fameline.com', 3, 'รบกวนเปิดห้อง purchase ให้วางPRใบระบบให้ด้วยค่ะ  IP : 192.168.1.76', '2016-02-24', '09:44:20', '2016-02-24', '10:59:34', 'Complete', 'ดำเนินการให้เรียบร้อยแล้วคัรบ', 'Promtep Maturapilas (เม่น)', 'หากติดปัญหา หรือมีข้อสงสัยเพิ่มเติม กรุณาโทร 202 ฝ่าย IT');
INSERT INTO `job` VALUES (191, 'ศิริพร', 'สุทธิวงษ์', 2, 863562711, 'jittra@fameline.com', 5, 'ขออีเมล์ใหม่ค่ะ ', '2016-02-24', '13:55:09', '2016-03-02', '09:25:51', 'Complete', 'ดำเนินการให้แล้วครับ วันที่ 2/3/59 จำดำเนินการติดตั้งให้ครับ', 'Promtep Maturapilas (เม่น)', 'หากติดปัญหา หรือมีข้อสงสัยเพิ่มเติม กรุณาโทร 202 ฝ่าย IT');
INSERT INTO `job` VALUES (193, 'itthipol', 'loesprasert', 13, 82, 'itthipol@fameline.com', 1, 'Add  computer 1 Piece  for support  ERP.', '2016-02-25', '17:53:34', '2016-03-01', '09:07:14', 'Hold', 'ขอสอบถามเพิ่มเติมครับ\r\nให้เจ้าหน้าที่ท่านไหนครับ และทำงานที่ Location ตรงไหนครับ', 'akachai@fameline.com (ART IT)', 'หากมีปัญหาให้แจ้ง IT โดยด่วนครับ');
INSERT INTO `job` VALUES (194, 'Kunthon', 'Anathamsombat', 8, 111, 'kunthon@fameline.com', 1, 'Design Assist - ปลั๊กเสียครับ ', '2016-03-01', '08:41:39', '2016-03-04', '09:19:28', 'Complete', 'User แจ้งว่าใช้งานได้ปกติแล้วครับ ', 'Promtep Maturapilas (เม่น)', 'หากติดปัญหา หรือมีข้อสงสัยเพิ่มเติม กรุณาโทร 202 ฝ่าย IT');
INSERT INTO `job` VALUES (206, 'aiyakarn', 'buarod', 12, 877154308, 'aiyakarn', 3, 'สร้างห้องรายการโครงการรถไฟฟ้า', '2016-03-07', '09:37:59', '2016-03-07', '10:33:43', 'Complete', 'ดำเนินการให้เรียบร้อยครับ', 'Promtep Maturapilas (เม่น)', 'หากติดปัญหา หรือมีข้อสงสัยเพิ่มเติม กรุณาโทร 202 ฝ่าย IT');
INSERT INTO `job` VALUES (195, 'Udomsak', 'Kaew-udom', 16, 109, 'udomsak@fameline.com', 1, 'ขอเครื่องใหม่สำหรับหัวหน้าแผนก\r\n(เพิ่มคนเลยต้องเพิ่มเครื่อง)', '2016-03-02', '11:59:32', '2016-03-09', '10:06:26', 'Complete', 'ดำเนินการให้เรียบร้อยครับ   ', 'Promtep Maturapilas (เม่น)', 'หากติดปัญหา หรือมีข้อสงสัยเพิ่มเติม กรุณาโทร 202 ฝ่าย IT');
INSERT INTO `job` VALUES (196, 'Udomsak', 'Kaew-udom', 16, 109, 'udomsak@fameline.com', 1, 'สายชาร์จโน๊ตบุคเครื่องของหัวหน้าแผนก1ชำรุด', '2016-03-02', '12:46:25', '2016-03-04', '08:39:11', 'Complete', 'ตรวจสอบและแก้ไขให้เรียบร้อยแล้วครับ\r\n\r\n ดำเนินการจัดส่งให้วันนี้ 4/3/16 (จะได้รับของเช้าวันที่ 5/3/16)', 'Promtep Maturapilas (เม่น)', 'หากติดปัญหา หรือมีข้อสงสัยเพิ่มเติม กรุณาโทร 202 ฝ่าย IT');
INSERT INTO `job` VALUES (197, 'สุภัทตรา', 'ดอกเทียน', 16, 108, 'dcc@fameline.com', 1, 'ขอให้ทำ Electronic Sign', '2016-03-02', '12:50:57', '2016-03-02', '13:15:43', 'Complete', 'ดำเนินการให้เรียบร้อยแล้วครับ', 'Promtep Maturapilas (เม่น)', 'หากติดปัญหา หรือมีข้อสงสัยเพิ่มเติม กรุณาโทร 202 ฝ่าย IT');
INSERT INTO `job` VALUES (198, 'จีรศักดิ์', 'สุดลาภา', 15, 87, '่jeerasak01@fameline.com', 4, 'ขอตลับหมึกเครื่องปริ๊นเตอร์ เคียวเซร่า 2050(คลังสินค้า)ครับ  หมึกหมดแล้วครับ', '2016-03-02', '14:34:36', '2016-03-03', '11:28:18', 'Complete', 'จัดส่งไปให้แล้วครับ (วันที่ 3 มี.ค.)      ', 'Promtep Maturapilas (เม่น)', 'หากติดปัญหา หรือมีข้อสงสัยเพิ่มเติม กรุณาโทร 202 ฝ่าย IT');
INSERT INTO `job` VALUES (199, 'มณฑิชา', 'จำปาศรี', 17, 909786620, 'monticha@fameline.com', 4, 'รบกวนลง Driver เครื่องปริ้นค่ะ', '2016-03-02', '14:58:39', '2016-03-03', '11:28:00', 'Complete', 'ดำเนินการให้เรียบร้อยครับ\r\n', 'Promtep Maturapilas (เม่น)', 'หากติดปัญหา หรือมีข้อสงสัยเพิ่มเติม กรุณาโทร 202 ฝ่าย IT');
INSERT INTO `job` VALUES (200, 'มณฑิชา', 'จำปาศรี', 17, 909786620, 'monticha@fameline.com', 1, '- รบกวนติดตั้งโปรแกรม line  ค่ะ\r\n- ติดตั้ง PLC  ', '2016-03-02', '15:04:44', '2016-03-03', '08:10:34', 'Complete', 'ดำเนินการเรียบร้อยแล้วครับ', 'Promtep Maturapilas (เม่น)', 'หากติดปัญหา หรือมีข้อสงสัยเพิ่มเติม กรุณาโทร 202 ฝ่าย IT');
INSERT INTO `job` VALUES (201, 'charawut', 'P.', 5, 122, 'charawut@fameline.com', 3, 'ไม่สามารถเข้ากล่องของ Purchase ได้ครับ\r\nและลงโปรแกรมWriteแผ่นCDกด้วยครับ      ', '2016-03-03', '09:08:10', '2016-03-03', '11:12:45', 'Complete', 'ดำเนินการให้เรียบร้อยแล้วครับ   ', 'Promtep Maturapilas (เม่น)', 'หากติดปัญหา หรือมีข้อสงสัยเพิ่มเติม กรุณาโทร 202 ฝ่าย IT');
INSERT INTO `job` VALUES (202, 'กรรภิรมย์', 'แสงอนันต์', 2, 209, 'kanpirom@fameline.com', 3, 'ขอเปิด วาง PR ใน ห้องจัดซื้อค่ะ', '2016-03-03', '10:57:12', '2016-03-03', '11:07:21', 'Complete', 'ดำเนินการเรียบร้อยแล้วครับ', 'Promtep Maturapilas (เม่น)', 'หากติดปัญหา หรือมีข้อสงสัยเพิ่มเติม กรุณาโทร 202 ฝ่าย IT');
INSERT INTO `job` VALUES (203, 'Duentem', 'Paijaroen', 12, 100, 'duentem@fameline.com', 4, 'เครื่องปริ้นออฟฟิศผลิต 1 บางครั้ง copy แล้วเป็นภาพซ้อน \r\nตัวอย่างเอกสารที่ copy (link \\\\fax-server\\Scan)\r\ndoc01759420160303103327\r\ndoc01759720160303103452\r\n', '2016-03-03', '11:02:27', '2016-03-03', '11:58:44', 'Complete', 'สาเหตุน่าจะเกิดจากกระดาบเคลื่อนครับ กรุณาทดลองใหม่อีกครั้งครับ', 'Promtep Maturapilas (เม่น)', 'หากติดปัญหา หรือมีข้อสงสัยเพิ่มเติม กรุณาโทร 202 ฝ่าย IT');
INSERT INTO `job` VALUES (204, 'nantaporn', 'komking', 15, 133, 'nantaporn@fameline.com', 2, 'เครื่อง คุณประทวน ปริ้นใบงานจากในERP.ไม่ได้คะ.', '2016-03-03', '15:50:19', '2016-03-04', '09:18:09', 'Complete', 'User แจ้งใช้งานได้ปกติแล้วครับ', 'Promtep Maturapilas (เม่น)', 'หากติดปัญหา หรือมีข้อสงสัยเพิ่มเติม กรุณาโทร 202 ฝ่าย IT');
INSERT INTO `job` VALUES (205, 'varinporn', 'sa-nguanram', 14, 100, 'varinporn@fameline.com', 3, 'ขอเบิกปลั๊กไฟสำหรับใช้งานทำความสะอาดที่ออฟฟิศใหม่จำนวน 1 ชิ้น (ยาว 5 เมตรขึ้น)', '2016-03-03', '16:18:20', '2016-03-04', '08:12:43', 'Complete', 'ดำเนินการให้เรียบร้อยครับ', 'Promtep Maturapilas (เม่น)', 'หากติดปัญหา หรือมีข้อสงสัยเพิ่มเติม กรุณาโทร 202 ฝ่าย IT');
INSERT INTO `job` VALUES (207, 'ฉลอง', 'ประมาณ', 13, 126, 'chalong@fameline.com', 4, 'คอม 192.168.1.54 Print งาน ไม่ออก\r\nไปยังเครื่อง Printer Bar Code Bixolon SLP - T400 ช่วย Remote แก้ไขให้ด่วนครับ ต้องPrint  ใบกำกับคอยล์', '2016-03-07', '13:13:10', '2016-03-07', '13:54:14', 'Complete', 'ดำเนินการแก้ไขเรียบร้อยครับ\r\n\r\n *ตรวจสอบ Licenses ที่ SV ไม่เจอ ', 'Promtep Maturapilas (เม่น)', 'หากติดปัญหา หรือมีข้อสงสัยเพิ่มเติม กรุณาโทร 202 ฝ่าย IT');
INSERT INTO `job` VALUES (208, 'Apirak', 'Sompan', 16, 108, 'apirak@fameline', 3, 'เข้าดู file กลาง (Server) ไม่ได้\r\nQuality, DCC      192.168.1.126', '2016-03-07', '16:41:36', '2016-03-08', '09:57:00', 'Complete', 'ดำเนินการให้เรียบร้อยแล้วครับ\r\n\r\n *สามารถเข้าได้จาก \r\n\\\\win0802\\QUALITY_CONTROL\r\n\\\\win0802\\DCC', 'Promtep Maturapilas (เม่น)', 'หากติดปัญหา หรือมีข้อสงสัยเพิ่มเติม กรุณาโทร 202 ฝ่าย IT');
INSERT INTO `job` VALUES (209, 'Duentem', 'Paijaroen', 12, 100, 'duentem@fameline.com', 4, 'เครื่องทำแทร็กปริ้นไม่ออก ', '2016-03-08', '09:41:09', '2016-03-08', '09:54:05', 'Complete', 'ดำเนินการแก้ไขเรียบร้อยแล้วครับ', 'Promtep Maturapilas (เม่น)', 'หากติดปัญหา หรือมีข้อสงสัยเพิ่มเติม กรุณาโทร 202 ฝ่าย IT');
INSERT INTO `job` VALUES (210, 'มณฑิชา', 'จำปาศรี', 17, 909786620, 'monticha@fameline.com', 1, 'เครื่องฟ้องให้ Log In  เพื่อใช้ internet', '2016-03-08', '09:44:18', '2016-03-08', '10:56:24', 'Complete', 'ดำเนินการแก้ไขให้เรียบร้อยแล้วครับ', 'Promtep Maturapilas (เม่น)', 'หากติดปัญหา หรือมีข้อสงสัยเพิ่มเติม กรุณาโทร 202 ฝ่าย IT');
INSERT INTO `job` VALUES (211, 'puree', 'unkham', 16, 946758368, 'puree@fameline.com', 3, 'เข้าดู file กลาง (Server) ไม่ได้\r\nQuality, DCC      192.168.1.112', '2016-03-08', '10:51:50', '2016-03-08', '11:02:12', 'Complete', 'ดำเนินการให้เรียบร้อยแล้วครับ\r\n\r\n *สามารถเข้าได้จาก \r\n\\\\win0802\\QUALITY_CONTROL\r\n\\\\win0802\\DCC    ', 'Promtep Maturapilas (เม่น)', 'หากติดปัญหา หรือมีข้อสงสัยเพิ่มเติม กรุณาโทร 202 ฝ่าย IT');
INSERT INTO `job` VALUES (212, 'สุภัทตรา', 'ดอกเทียน', 16, 108, 'dcc@fameline.com', 3, 'ไม่สามารถเข้าโปรแกรม E-HRM ได้\r\n192.168.1.77', '2016-03-08', '11:33:29', '2016-03-09', '08:07:52', 'Complete', 'ดำเนินการเรียบร้อยแล้วครับ\r\n', 'Promtep Maturapilas (เม่น)', 'หากติดปัญหา หรือมีข้อสงสัยเพิ่มเติม กรุณาโทร 202 ฝ่าย IT');
INSERT INTO `job` VALUES (213, 'Sorawuth', 'Thaichaiyont', 8, 203, 'sorawuth@fameline.com', 1, 'Install Google drive.', '2016-03-08', '14:38:21', '2016-03-12', '08:15:39', 'Complete', 'ดำเนินการให้เรียบร้อยครับ', ' ', ' ');
INSERT INTO `job` VALUES (214, 'Duentem', 'Paijaroen', 12, 100, 'duentem@fameline.com', 3, 'internet หลุดบ่อย ip.207 โน๊ตบุ๊คเครื่องคุณศุภชัย', '2016-03-09', '14:19:22', '2016-03-09', '15:56:28', 'Complete', 'จากการตรวจสอบ เครื่องก็ทำงานปกติครับ', 'Promtep Maturapilas (เม่น)', 'หากติดปัญหา หรือมีข้อสงสัยเพิ่มเติม กรุณาโทร 202 ฝ่าย IT');
INSERT INTO `job` VALUES (215, 'มณฑิชา', 'จำปาศรี', 17, 909786620, 'monticha@fameline.com', 1, 'แจ้งทำลายเซ็น หัวหน้าแผนกฝ่ายวิศวกรรมค่ะ\r\nและติดตั้ง การเชื่อมต่อคอมพิวเตอร์เข้ากับเครื่องโปรเจ็คเตอร์ห้องประชุมค่ะ', '2016-03-09', '15:49:21', '2016-03-10', '09:42:48', 'Complete', 'ดำเนินการให้เรียบร้อยครับ', 'Promtep Maturapilas (เม่น)', 'หากติดปัญหา หรือมีข้อสงสัยเพิ่มเติม กรุณาโทร 202 ฝ่าย IT');
INSERT INTO `job` VALUES (216, 'Duentem', 'Paijaroen', 12, 100, 'duentem@fameline.com', 1, 'คอมเครื่องคุณจินดาใช้ไม่ได้', '2016-03-10', '08:39:14', '2016-03-10', '09:43:12', 'Complete', 'ดำเนินการให้เรียบร้อยครับ', 'Promtep Maturapilas (เม่น)', 'หากติดปัญหา หรือมีข้อสงสัยเพิ่มเติม กรุณาโทร 202 ฝ่าย IT');
INSERT INTO `job` VALUES (217, 'SUNISA', 'SEELA', 15, 824880988, 'sunisa@fameline.com', 1, 'คอมของคุณเยาวลักษณ์ มีปัญหา INBOX ในอีเมลหายหมด เปิดอ่านปุ๊ปหายเลย เปลี่ยนภาษาไม่ได้ IP140 พี่แมวลองแก้ปัญหาเบื้องต้นแล้วก็ไม่หาย ', '2016-03-11', '12:01:04', '0000-00-00', '00:00:00', 'Pending', ' ', ' ', ' ');
INSERT INTO `job` VALUES (218, 'Natdanai', 'Titayannapong', 5, 126, 'natdanai@fameline.com', 1, 'รบกวน Activated Microsoft Office ครับ', '2016-03-14', '08:33:32', '2016-03-14', '09:16:18', 'Complete', 'ดำเนินการให้เรียบร้อยแล้วครับ', 'Promtep Maturapilas (เม่น)', 'หากติดปัญหา หรือมีข้อสงสัยเพิ่มเติม กรุณาโทร 202 ฝ่าย IT');
INSERT INTO `job` VALUES (219, 'charawut', 'P.', 5, 112, 'charawut@fameline.com', 1, 'แบตเตอรี่ คอมเสื่อม \r\n', '2016-03-14', '14:04:43', '0000-00-00', '00:00:00', 'Pending', ' ', ' ', ' ');
INSERT INTO `job` VALUES (220, 'charawut', 'P.', 5, 122, 'charawut@fameline.com', 2, 'ลง java ให้ด้วยครับ\r\n\r\nIP:192.168.1.129', '2016-03-14', '14:25:11', '2016-03-15', '14:26:22', 'Complete', 'ดำเนินการเรียบร้อยครับ\r\n\r\n - JAVA\r\n- ERP', 'Promtep Maturapilas (เม่น)', 'หากติดปัญหา หรือมีข้อสงสัยเพิ่มเติม กรุณาโทร 202 ฝ่าย IT');
INSERT INTO `job` VALUES (221, 'แหลม', 'แหลม', 15, 210, 'แหลม', 1, 'ทำให้สามารถใช้ข้อมูลของบริษัทให้ได้หน่อยครับ\r\nสะดวกวันเสาร์นี้ มารับเครื่องเย็นวันศุกร์ได้', '2016-03-15', '08:50:02', '2016-03-15', '11:01:08', 'Hold', 'รับทราบ รอรับเครื่องวันศุกร์ครับ', 'Promtep Maturapilas (เม่น)', 'หากติดปัญหา หรือมีข้อสงสัยเพิ่มเติม กรุณาโทร 202 ฝ่าย IT');
INSERT INTO `job` VALUES (222, 'Duentem', 'Paijaroen', 12, 100, 'duentem@fameline.com', 3, 'เปิดสิทธิ์ win 0802/Factory_one ip 198', '2016-03-15', '10:06:08', '2016-03-15', '11:00:45', 'Complete', 'ดำเนินการให้เรียบร้อยแล้วครับ', 'Promtep Maturapilas (เม่น)', 'หากติดปัญหา หรือมีข้อสงสัยเพิ่มเติม กรุณาโทร 202 ฝ่าย IT');
INSERT INTO `job` VALUES (223, 'Duentem', 'Paijaroen', 12, 100, 'duentem@fameline.com', 1, 'ลงโปรแกรมคอมในโรงงาน ', '2016-03-15', '13:05:25', '2016-03-16', '08:02:05', 'Complete', 'ดำเนินการเรียบร้อยครับ', 'Promtep Maturapilas (เม่น)', 'หากติดปัญหา หรือมีข้อสงสัยเพิ่มเติม กรุณาโทร 202 ฝ่าย IT');
INSERT INTO `job` VALUES (224, 'ภิรมย์ญา', 'มีโชค', 2, 129, 'piromya@fameline.com', 1, 'วางห้องPURCHASE ให้หน่อยค่ะ', '2016-03-16', '18:44:52', '2016-03-17', '08:15:52', 'Complete', 'ดำเนินการเรียบร้อยครับ', 'Promtep Maturapilas (เม่น)', 'หากติดปัญหา หรือมีข้อสงสัยเพิ่มเติม กรุณาโทร 202 ฝ่าย IT');
INSERT INTO `job` VALUES (225, 'ภิรมย์ญา', 'มีโชค', 2, 129, 'piromya@fameline.com', 1, 'เข้าโปรแกรม ภ.พ.30 ของสรรพากรไม่ได้ค่ะ', '2016-03-17', '08:24:47', '2016-03-17', '11:54:32', 'Complete', 'ดำเนินการให้เรียบร้อยแล้วครับ', 'Promtep Maturapilas (เม่น)', 'หากติดปัญหา หรือมีข้อสงสัยเพิ่มเติม กรุณาโทร 202 ฝ่าย IT');
INSERT INTO `job` VALUES (226, 'ตุ๊กตา', 'แก้วโก', 13, 877423111, 'ิbu2-site@fameline.com', 4, 'ไม่สามารถปริ้นงานได้ , ถ่ายเอกสารไม่ได้,สแกนไม่ได้', '2016-03-17', '11:28:39', '2016-03-17', '11:55:14', 'Hold', 'กรุณาส่งเครื่องกลับมาครับ จะจัดส่งซ่อมที่ศูนย์บริการ HP ให้ครับ', 'Promtep Maturapilas (เม่น)', 'หากติดปัญหา หรือมีข้อสงสัยเพิ่มเติม กรุณาโทร 202 ฝ่าย IT');
INSERT INTO `job` VALUES (228, 'สุภัทตรา', 'ดอกเทียน', 16, 108, 'dcc@fameline.com', 1, 'ต้องการเปลี่ยนพาสเวิร์ดเวลาเปิดเครื่องค่ะ\r\nID เครื่อง 192.168.1.77\r\nรายละเอียดจะแจ้งทางอีเมลค่ะ', '2016-03-18', '08:37:46', '2016-03-18', '09:47:23', 'Complete', 'ดำเนินการให้เรียบร้อยแล้วครับ', 'Promtep Maturapilas (เม่น)', 'หากติดปัญหา หรือมีข้อสงสัยเพิ่มเติม กรุณาโทร 202 ฝ่าย IT');
INSERT INTO `job` VALUES (229, 'Udomsak', 'Kaew-udom', 16, 109, 'udomsak@fameline.com', 1, 'Request ให้กู้ไฟล์ใน \\\\win0802/DCC ช่วงกันยายน 2558 ให้หน่อยครับ (เพราะว่ามีข้อมูลหายช่วงเดือนตุลาคม)', '2016-03-21', '11:28:14', '2016-03-22', '08:35:29', 'Complete', 'ต้องระบุ ตำแหน่งของโฟเดอร์และไฟล์ที่หายให้ชัดเจนกว่านี้ ฝ่าย IT ไม่สามารถนำไฟกลับมาได้ ถ้าไม่ทราบชื่อฝ่ายและโฟเดอร์ที่ชัดเจนครับ', 'Promtep Maturapilas (เม่น)', 'หากติดปัญหา หรือมีข้อสงสัยเพิ่มเติม กรุณาโทร 202 ฝ่าย IT');
INSERT INTO `job` VALUES (230, 'manassamit', 'kloyeam', 3, 120, 'manassamit@fameline.com', 5, 'เมลล์มีปัญหา หน้าจอหมุน แฮงค์', '2016-03-22', '08:42:48', '2016-03-23', '11:41:06', 'Complete', 'แก้ไขเรียบร้อยครับ', 'Promtep Maturapilas (เม่น)', 'หากติดปัญหา หรือมีข้อสงสัยเพิ่มเติม กรุณาโทร 202 ฝ่าย IT');
INSERT INTO `job` VALUES (231, 'Panuwat', 'Kanyahat', 5, 830187844, 'panuwat.k@fameline.com', 1, 'จอ Notebook ติดดับเวลาพับเปิดจอ', '2016-03-22', '10:59:31', '0000-00-00', '00:00:00', 'Pending', ' ', ' ', ' ');
INSERT INTO `job` VALUES (232, 'Udomsak', 'Kaew-udom', 16, 96, 'udomsak@fameline.com', 3, 'Request ให้เครื่องผมมองเห็นทุก Folder ใน \\\\win0802/DCC (เพราะตอนนี้ผมมองไม่เห็น DC FL (ฝ่ายควบคุมเอกสารกลาง))\r\nID เครื่อง 192.168.1.110', '2016-03-22', '13:53:06', '0000-00-00', '00:00:00', 'Complete', ' ', ' ', ' ');
INSERT INTO `job` VALUES (233, 'จันทิมา', 'ปะเมโท', 16, 827511641, 'qc1@fameline.com', 4, 'สั่งปริ้นงานไม่ได้  IP 192.168.1.172', '2016-03-23', '10:27:35', '0000-00-00', '00:00:00', 'Complete', ' ', ' ', ' ');
INSERT INTO `job` VALUES (234, 'manassamit', 'kloyeam', 3, 120, 'manassamit@fameline.com', 1, 'ไฟล์ Delivery เลื่อนขึ้นเลื่อนลง แต่หน้าต่างไม่เลื่อนทำให้ไม่สามารถ เช็คข้อมูลได้\r\nรบกวนแก้ไขให้ด้วยค่ะ', '2016-03-23', '10:51:34', '2016-03-23', '13:39:27', 'Complete', 'แนะนำวิธีแก้ไขเบื้องต้นให้แล้วครับ', 'Promtep Maturapilas (เม่น)', 'หากติดปัญหา หรือมีข้อสงสัยเพิ่มเติม กรุณาโทร 202 ฝ่าย IT');
INSERT INTO `job` VALUES (235, 'วิจิตรา', 'คะสุวรรณ์', 8, 103, 'wijitra@fameline.com', 1, 'เรื่อง ให้ฝ่ายคลังสินค้าเข้าดูข้อมูลใน Server Status รถไฟฟ้า (ข้อมูลใน BU_TWO win0801)  จำนวน 2 คน \r\n      1.นายจรัส  ลีปรีชา\r\n      2.นายจิรศักดิ์   สุดลาภา \r\n\r\n  ', '2016-03-23', '11:14:35', '2016-03-23', '16:12:40', 'Complete', 'ดำเนินการเรียบร้อยครับ\r\n', 'Promtep Maturapilas (เม่น)', 'หากติดปัญหา หรือมีข้อสงสัยเพิ่มเติม กรุณาโทร 202 ฝ่าย IT');
INSERT INTO `job` VALUES (236, 'มณฑิชา ', 'จำปาศรี', 17, 909786620, 'monticha@fameline.com', 1, 'ลงโปรแกรม PLC  เพื่อซ่อมเครื่อง Line ACP 2', '2016-03-24', '15:52:30', '2016-03-24', '16:02:23', 'Complete', 'ดำเนินการให้เรียบร้อยแล้วครับ', 'Promtep Maturapilas (เม่น)', 'หากติดปัญหา หรือมีข้อสงสัยเพิ่มเติม กรุณาโทร 202 ฝ่าย IT');
INSERT INTO `job` VALUES (237, 'นวพล', 'สุ่มมาตย์', 8, 878625469, 'ืืnavapon@faeline.com', 1, 'Activate Sketch up 2015 เนื่องจากหมดอายุการใช้งาน  ip 192.168.1.122 ', '2016-03-25', '08:19:31', '2016-03-30', '08:08:48', 'Complete', 'ดำเนินการเรียบร้อยครับ', 'Promtep Maturapilas (เม่น)', 'หากติดปัญหา หรือมีข้อสงสัยเพิ่มเติม กรุณาโทร 202 ฝ่าย IT');
INSERT INTO `job` VALUES (238, 'รัศมี', 'รักภักดี', 2, 107, 'ratsamee@fameline.com', 4, 'แจ้งย้ายเครื่องปริ้นเตอร์คะ', '2016-03-25', '15:48:24', '2016-03-30', '08:13:43', 'Complete', 'ดำเนินการเรียบร้อยแล้วครับ', 'Promtep Maturapilas (เม่น)', 'หากติดปัญหา หรือมีข้อสงสัยเพิ่มเติม กรุณาโทร 202 ฝ่าย IT');
INSERT INTO `job` VALUES (239, 'จีรศักดิ์', 'สุดลาภา', 15, 87, '่jeerasak01@fameline.com', 1, 'รบกวนเปิดสิทธิเข้าดู \r\n\\\\Win0802\\logistic\\LG_EXTERNAL\r\nดังนี้\r\n1.supachai@fameline.com\r\n2.pornthewa@fameline.com\r\n3.duentem@fameline.com\r\n4.sirichai@fameline.com', '2016-03-25', '16:49:38', '2016-03-26', '08:41:17', 'Complete', 'ดำเนินการให้เรียบร้อยแล้วครับ', 'Promtep Maturapilas (เม่น)', 'หากติดปัญหา หรือมีข้อสงสัยเพิ่มเติม กรุณาโทร 202 ฝ่าย IT');
INSERT INTO `job` VALUES (240, 'Apirak', 'Sompan', 16, 122, 'apirak@fameline', 3, 'ไม่สามารถเข้า Server ได้\r\n192.168.1.78', '2016-03-28', '13:50:57', '2016-03-28', '14:49:59', 'Complete', 'ดำเนินการเรียบร้อยครับ', 'Promtep Maturapilas (เม่น)', 'หากติดปัญหา หรือมีข้อสงสัยเพิ่มเติม กรุณาโทร 202 ฝ่าย IT');
INSERT INTO `job` VALUES (241, 'vudhichai', 'boonjuea', 8, 212, 'vudhichai@fameline.com', 1, 'ขออุปกรณ์เสริม', '2016-03-29', '11:30:09', '0000-00-00', '00:00:00', 'Pending', ' ', ' ', ' ');
INSERT INTO `job` VALUES (242, 'vudhichai', 'boonjuea', 8, 212, 'vudhichai@fameline.com', 1, 'ลงโปรแกรม Ploter HP', '2016-03-30', '08:24:38', '2016-03-31', '08:23:32', 'Complete', 'ดำเนินการเรียบร้อยแล้วครับ', 'Promtep Maturapilas (เม่น)', 'หากติดปัญหา หรือมีข้อสงสัยเพิ่มเติม กรุณาโทร 202 ฝ่าย IT');
INSERT INTO `job` VALUES (243, 'อรพรรณ', 'พรมเผือก', 8, 212, 'oraphan@fameline.com', 1, 'แจ้งลงโปรแกรม Printer HP 120', '2016-03-30', '08:26:19', '2016-03-31', '08:21:26', 'Complete', 'ดำเนินการเรียบร้อยครับ', 'Promtep Maturapilas (เม่น)', 'หากติดปัญหา หรือมีข้อสงสัยเพิ่มเติม กรุณาโทร 202 ฝ่าย IT');
INSERT INTO `job` VALUES (244, 'ฉลอง', 'ประมาณ', 13, 126, 'chalong@fameline.com', 3, 'ขอเข้าใช้งาน เช่น เก็บไฟล์งาน เก็บข้อมูลงาน บันทึกข้อมูล exel word ไดรฟ์\r\nFACTORY_TWO (\\\\win0802) จำนวน 2 User คือ \r\nUser: chalong และ User: energy', '2016-03-31', '14:13:10', '2016-04-05', '08:10:24', 'Complete', 'ดำเนินการเรียบร้อยครับ', 'Promtep Maturapilas (เม่น)', 'หากติดปัญหา หรือมีข้อสงสัยเพิ่มเติม กรุณาโทร 202 ฝ่าย IT');
INSERT INTO `job` VALUES (245, 'ฉลอง', 'ประมาณ', 13, 126, 'chalong@fameline.com', 4, 'เครื่อง Print Bar Code Model Bixolon ใช้สำหรับทำ\r\nใบกำกับคอยล์ Coating สั่ง Print สำเนาครั้งละ\r\n2 ใบ แต่ออกมา 7-8 ใบ โดยมีข้อมูล 1 ใบ ที่เหลือเป็น\r\nSticker เปล่า ช่วยแก้ไขด่วน ต้องใช้ทำใบกำกับตลอด', '2016-04-02', '17:25:37', '2016-04-04', '10:52:28', 'Complete', 'ขนาดที่ใช้สั่งงานพริ้นไม่ถูกต้อง', 'Promtep Maturapilas (เม่น)', 'หากติดปัญหา หรือมีข้อสงสัยเพิ่มเติม กรุณาโทร 202 ฝ่าย IT');
INSERT INTO `job` VALUES (246, 'Supattra', 'Dorktian', 16, 108, 'dcc@fameline.com', 3, 'เข้า win0802/hrscan ไม่ได้\r\n192.168.1.77', '2016-04-04', '09:44:31', '2016-04-04', '10:51:56', 'Complete', 'ไม่มีสิทธิในการเข้าส่วนนี้นะครับ เป็นส่วนงานเฉพาะของฝ่าย HR ครับ', 'Promtep Maturapilas (เม่น)', 'หากติดปัญหา หรือมีข้อสงสัยเพิ่มเติม กรุณาโทร 202 ฝ่าย IT');
INSERT INTO `job` VALUES (247, 'นายณัฐกมล', 'ธรรมกันมา', 15, 989428987, 'planning@fameline.com', 1, 'ขอให้ติดตั้ง font Barcode ลงในเครื่องให้ด้วยครับ', '2016-04-05', '18:01:10', '2016-04-07', '13:37:06', 'Complete', 'ดำเนินการให้เรียบร้อยแล้วครับ', 'Promtep Maturapilas (เม่น)', 'หากติดปัญหา หรือมีข้อสงสัยเพิ่มเติม กรุณาโทร 202 ฝ่าย IT');
INSERT INTO `job` VALUES (248, 'นายณัฐกมล', 'ธรรมกันมา', 15, 989428987, 'planning@fameline.com', 2, 'ยังไม่ติดตั้ง java runtime 1.6+\r\nทำให้ยังไม่สามารถเปิด ERP ขึ้นมาได้\r\n\r\nและยังไม่ทราบ username และ password\r\nเพื่อเข้าใช้งานระบบ ERP\r\nขอให้ตั้งให้ด้วยครับ', '2016-04-06', '17:08:11', '2016-04-07', '13:37:20', 'Complete', 'ดำเนินการให้เรียบร้อยแล้วครับ', 'Promtep Maturapilas (เม่น)', 'หากติดปัญหา หรือมีข้อสงสัยเพิ่มเติม กรุณาโทร 202 ฝ่าย IT');
INSERT INTO `job` VALUES (249, 'นายณัฐกมล', 'ธรรมกันมา', 15, 989428987, 'planning@fameline.com', 2, 'รบกวนขอให้ตั้ง Username และ Password สำหรับการใช้งานระบบ planetone ERP ด้วยครับ ส่วนสิทธิการใช้งานแล้วแต่ความเหมาะสมครับ เบี้องต้นเป็นพวก read only ไปก่อนก็ได้ครับ', '2016-04-08', '13:41:33', '2016-04-18', '11:30:08', 'Complete', 'ดำเนินการเรียบร้อยครับ', 'Promtep Maturapilas (เม่น)', 'หากติดปัญหา หรือมีข้อสงสัยเพิ่มเติม กรุณาโทร 202 ฝ่าย IT');
INSERT INTO `job` VALUES (250, 'นายณัฐกมล', 'ธรรมกันมา', 15, 989428987, 'planning@fameline.com', 1, 'ขอให้ติดตั้ง excel version 64 bit แทน 32 bit เพราะ spreadsheet มีการคำนวณที่ซับซ้อนเกินความสามารถของ 32 bit ที่จะทำได้', '2016-04-09', '15:11:01', '2016-04-19', '14:00:03', 'Complete', 'ดำเนินการเรียบร้อยครับ', 'Promtep Maturapilas (เม่น)', 'หากติดปัญหา หรือมีข้อสงสัยเพิ่มเติม กรุณาโทร 202 ฝ่าย IT');
INSERT INTO `job` VALUES (251, 'วันดี', 'แซ่ตั้ง', 2, 127, 'wandee@fameline.com', 1, 'ขอคอมพิวเตอร์ PC  1ชุด (พนักงานใหม่ คุณชนัญญา  บุญเลี้ยง)', '2016-04-18', '08:17:53', '2016-04-19', '09:55:04', 'Complete', 'ดำเนินการเรียบร้อยครับ', 'Promtep Maturapilas (เม่น)', 'หากติดปัญหา หรือมีข้อสงสัยเพิ่มเติม กรุณาโทร 202 ฝ่าย IT');
INSERT INTO `job` VALUES (255, 'มณฑิชา', 'จำปาศรี', 17, 118, 'monticha@fameline.comm', 3, 'แจ้งกู้ข้อมูลใน Sever ค่ะ', '2016-04-19', '16:42:22', '2016-04-20', '08:16:40', 'Complete', 'ดำเนินการให้เรียบร้อยครับ', 'Promtep Maturapilas (เม่น)', 'หากติดปัญหา หรือมีข้อสงสัยเพิ่มเติม กรุณาโทร 202 ฝ่าย IT');
INSERT INTO `job` VALUES (252, 'Manassamit', 'K.', 3, 120, 'manassamit@fameline.com.', 5, 'เมลล์มีปัญหา ตามที่ส่งเมลล์ไปแจ้งก่อนหน้านี้ค่ะ\r\nอยากทราบสาเหตุ และช่วยแก้ไขให้ด้วย\r\nเพราะเกรงว่า Email สำคัญจะไม่ถูกส่ง', '2016-04-18', '14:23:16', '2016-04-18', '14:42:41', 'Complete', ' E-mail ปลายทางผิดครับ (ไม่มีเมลชื่อนี้, ชื่อผิด, หรืออื่นๆ) ไม่เกี่ยวกับ E-mail ของทาง บ. ครับ', 'Promtep Maturapilas (เม่น)', 'หากติดปัญหา หรือมีข้อสงสัยเพิ่มเติม กรุณาโทร 202 ฝ่าย IT');
INSERT INTO `job` VALUES (253, 'นายณัฐกมล', 'ธรรมกันมา', 15, 989428987, 'planning@fameline.com', 4, 'สั่ง print ออกไปที่ KM2050 ประจำแผนก แล้วไม่ออกครับ มองเห็นสถานะ', '2016-04-18', '14:25:26', '2016-04-18', '14:34:48', 'Complete', 'แนะนำวิธีการแก้ไขให้แล้ว', 'Promtep Maturapilas (เม่น)', 'หากติดปัญหา หรือมีข้อสงสัยเพิ่มเติม กรุณาโทร 202 ฝ่าย IT');
INSERT INTO `job` VALUES (254, 'มณฑิชา', 'จำปาศรี', 17, 118, 'monticha@fameline.com', 1, 'แจ้งอัพเดต Line ค่ะ\r\nIP 192.168.1.126            ', '2016-04-18', '16:15:46', '2016-04-19', '11:42:05', 'Complete', 'ดำเนินการเรียบร้อยครับ', 'Promtep Maturapilas (เม่น)', 'หากติดปัญหา หรือมีข้อสงสัยเพิ่มเติม กรุณาโทร 202 ฝ่าย IT');
INSERT INTO `job` VALUES (256, 'ยุพิน', 'คำนวนอินทร์', 2, 869861420, 'yupin@fameline.com', 1, 'แจ้งอัพเดต line ค่ะ\r\nIP 192.168.1.13', '2016-04-20', '09:32:15', '2016-04-21', '08:08:25', 'Complete', 'ดำเนินการเรียบร้อยครับ', 'Promtep Maturapilas (เม่น)', 'หากติดปัญหา หรือมีข้อสงสัยเพิ่มเติม กรุณาโทร 202 ฝ่าย IT');
INSERT INTO `job` VALUES (257, 'จักรพันธ์', 'ไชยนุรักษ์', 5, 122, 'chakkraphan@fameline.com', 1, ' รบกวน อัปเดจโปรแกรมไลย์ในเครื่องครับ192.168.1.113', '2016-04-20', '16:18:30', '2016-05-18', '08:19:09', 'Complete', 'ดำเนินการให้เรียบร้อยแล้วครับ     ', 'Promtep Maturapilas (เม่น)', 'หากติดปัญหา หรือมีข้อสงสัยเพิ่มเติม กรุณาโทร 202 ฝ่าย IT');
INSERT INTO `job` VALUES (258, 'กุณฑล', 'อนะธรรมสมบัติ', 8, 111, 'kunthon@fameline.com', 3, 'ปลดล็อกการแก้ไขงาน CAD ใน Folder \r\nDESIGN ASSIST DPT ใน Server\r\n\r\n และ ของ กุณฑล อนะธรรมสมบัติ และ นวพล สุ่มมาตย์ ', '2016-04-26', '13:26:15', '2016-04-26', '16:47:48', 'Complete', 'ดำเนินการเรียบร้อยครับ', 'Promtep Maturapilas (เม่น)', 'หากติดปัญหา หรือมีข้อสงสัยเพิ่มเติม กรุณาโทร 202 ฝ่าย IT');
INSERT INTO `job` VALUES (259, 'กุณฑล', 'อนะธรรมสมบัติ', 8, 111, 'kunthon@fameline.com', 1, 'แจ้ง อัพเดท ไลน์ ครับ\r\nIP : 192.168.1.83', '2016-04-26', '13:27:43', '2016-04-26', '16:48:05', 'Complete', 'ดำเนินการเรียบร้อยครับ', 'Promtep Maturapilas (เม่น)', 'หากติดปัญหา หรือมีข้อสงสัยเพิ่มเติม กรุณาโทร 202 ฝ่าย IT');
INSERT INTO `job` VALUES (260, 'เอกลักษณ์ ', 'วิชาฮาด', 8, 814036003, 'aekkalux@Fameline.com', 1, 'เนื่องจากลบไฟล์งานรถไฟฟ้าผิดครับ  หายใน Design Assist / ชื่อไฟล์ 2AR3811-3817 NEW    ', '2016-04-26', '16:35:01', '2016-04-26', '16:55:52', 'Complete', 'ไม่สามารถดำเนินการได้ครับ เนื่องจากไฟล์พึ่งนำมาวางและลบออกเลยครับ', 'Promtep Maturapilas (เม่น)', 'หากติดปัญหา หรือมีข้อสงสัยเพิ่มเติม กรุณาโทร 202 ฝ่าย IT');
INSERT INTO `job` VALUES (261, 'พะเยาว์', 'พันมุข', 16, 922255569, 'พะเยาว์', 1, ' C P U ไม่เชื่อมต่อกับ  MONITOR', '2016-04-27', '15:13:34', '2016-05-18', '08:19:32', 'Complete', 'แก้ไขเรียบร้อยครับ กำลังจัดส่งกลับไปครับ', 'Promtep Maturapilas (เม่น)', 'หากติดปัญหา หรือมีข้อสงสัยเพิ่มเติม กรุณาโทร 202 ฝ่าย IT');
INSERT INTO `job` VALUES (262, 'ญาดา', 'สาวิสิทธิ์', 15, 926846128, 'yada@fameline.com', 1, '- ปริ้นเอกสารไม่ได้ชื่อเครื่องปริ้นหาย เบื้องต้นเปิดปิดเครื่องแล้ว ยังปริ้นไม่ได้ค่ะ\r\n- เมลล์ส่งออกไม่ได้ รับได้อย่างเดียวค่ะ', '2016-05-03', '08:36:09', '2016-05-03', '11:32:21', 'Complete', 'ดำเนินการให้เรียบร้อยครับ', 'Promtep Maturapilas (เม่น)', 'หากติดปัญหา หรือมีข้อสงสัยเพิ่มเติม กรุณาโทร 202 ฝ่าย IT');
INSERT INTO `job` VALUES (263, 'ประเสริฐ', 'เจียสารัมย์', 7, 102, 'prasert.j@fameline.com', 4, 'ปริ้น cad + pdf ไม่ได้ครับ รบกวนเช็คให้หน่อยครับ\r\nขอบคุณครับ หรัสเครื่องที่พี่จะเข้ามาทางออนไลครับ\r\n164', '2016-05-03', '08:56:43', '2016-05-03', '11:31:59', 'Complete', 'ดำเนินการให้เรียบร้อยครับ', 'Promtep Maturapilas (เม่น)', 'หากติดปัญหา หรือมีข้อสงสัยเพิ่มเติม กรุณาโทร 202 ฝ่าย IT');
INSERT INTO `job` VALUES (264, 'ธีรยุทธ', 'บุญเจือ', 16, 898013939, 'theerayut@fameline.com', 3, 'ผมร้องขอสิทธิ์ในการเข้าถึง Folder ใน Server ของฝ่าย QA/QC ครับ รบกวนด้วยครับ มี QUALITY, DCC แล้วก็ Scan ครับ', '2016-05-03', '11:26:32', '2016-05-03', '11:31:38', 'Complete', 'ดำเนินการให้เรียบร้อยแล้วครับ', 'Promtep Maturapilas (เม่น)', 'หากติดปัญหา หรือมีข้อสงสัยเพิ่มเติม กรุณาโทร 202 ฝ่าย IT');
INSERT INTO `job` VALUES (265, 'จันทิมา', 'ปะเมโท', 16, 827511641, 'chanthima@fameline.com', 4, 'ขอเพิ่มปริ้นสี  50 แผ่นค่ะ ', '2016-05-03', '13:44:48', '2016-05-03', '13:53:03', 'Complete', 'ดำเนินการเรียบร้อยแล้วครับ', 'Promtep Maturapilas (เม่น)', 'หากติดปัญหา หรือมีข้อสงสัยเพิ่มเติม กรุณาโทร 202 ฝ่าย IT');
INSERT INTO `job` VALUES (266, 'Duentem', 'Paijaroen', 12, 100, 'duentem@fameline.com', 4, 'ปริ้นไม่ได้', '2016-05-03', '15:32:44', '2016-05-04', '08:07:07', 'Complete', 'ดำเนินการแก้ไขให้เรียบร้อยแล้วครับ', 'Promtep Maturapilas (เม่น)', 'หากติดปัญหา หรือมีข้อสงสัยเพิ่มเติม กรุณาโทร 202 ฝ่าย IT');
INSERT INTO `job` VALUES (267, 'ชนัญญา', 'บุญเลี้ยง', 2, 115, 'chananya@fameline.com', 1, 'ลงโปรแกรมไลน์ ในเครื่อง PC ให้ด้วยคะ      ', '2016-05-04', '09:36:35', '2016-05-05', '08:06:48', 'Complete', 'ดำเนินการเรียบร้อยครับ', 'Promtep Maturapilas (เม่น)', 'หากติดปัญหา หรือมีข้อสงสัยเพิ่มเติม กรุณาโทร 202 ฝ่าย IT');
INSERT INTO `job` VALUES (268, 'ธีรยุทธ', 'บุญเจือ', 16, 898013939, 'theerayut@fameline.com', 3, 'ผมร้องขอสิทธิ์ในการเข้าถึง Folder ใน Server ของฝ่าย QA/QC ครับ รบกวนด้วยครับ มี QUALITY, DCC แล้วก็ Scan ครับ      ', '2016-05-04', '11:09:45', '2016-05-04', '12:03:00', 'Complete', 'ดำเนินการให้เรียบร้อยแล้วครับ', 'Promtep Maturapilas (เม่น)', 'หากติดปัญหา หรือมีข้อสงสัยเพิ่มเติม กรุณาโทร 202 ฝ่าย IT');
INSERT INTO `job` VALUES (269, 'ประเสริฐ', 'เจียสารัมย์', 7, 923826696, 'prasert.j@fameline.com', 3, 'ขออนุญาติเข้า Network  = sAIL - BU1  ครับตามที่ IT ได้คุยกับคุณโอ ครับ', '2016-05-05', '16:46:32', '2016-05-05', '16:55:35', 'Complete', 'ดำเนินการให้เรียบร้อยครับ\r\n\r\nสามารถเข้าได้ที่ \\\\Win0801\\sale_bu1', 'Promtep Maturapilas (เม่น)', 'หากติดปัญหา หรือมีข้อสงสัยเพิ่มเติม กรุณาโทร 202 ฝ่าย IT');
INSERT INTO `job` VALUES (270, 'จีรศักดิ์', 'สุดลาภา', 15, 87, 'jeerasak@fameline.com', 1, 'รบกวนเปิดสิทธิ  คุณ สุนิสา สีล่า  แผนกคลังสินค้า\r\n\r\n"\\\\win0802\\FACTORY_ON\\P1_INTERNAL\\ใบสั่งผลิต\\งานแผนกผลิตปี_2559\\ใบสั่งผลิตปี 2559\\ใบสั่งผลิต ปี2559_.xls"', '2016-05-09', '08:53:20', '2016-05-10', '14:15:01', 'Complete', 'ดำเนินการให้เรียบร้อยแล้วครับ', 'Promtep Maturapilas (เม่น)', 'หากติดปัญหา หรือมีข้อสงสัยเพิ่มเติม กรุณาโทร 202 ฝ่าย IT');
INSERT INTO `job` VALUES (271, 'ยุพิน', 'คำนวนอินทร์', 2, 869861420, 'yupin@fameline.com', 1, 'ไฟล์ Excel  เปิดใช้งานไม่ได้ รบกวนช่าวยดูให้หน่อยนะค่ะ', '2016-05-11', '08:28:47', '2016-05-18', '08:18:37', 'Complete', 'Remote เข้าไปแล้วไม่พบปัญหาครับ\r\n หากมีปัญหาอีกกรุณาแจ้งโดยละเอียดด้วยครับ\r\nว่าไฟล์ที่มีปัญหาชื่อไฟล์อะไร อยู่ที่ไหนของตัวเครื่องครับ', 'Promtep Maturapilas (เม่น)', 'หากติดปัญหา หรือมีข้อสงสัยเพิ่มเติม กรุณาโทร 202 ฝ่าย IT');
INSERT INTO `job` VALUES (272, 'Sukanya', 'Ladadok', 16, 108, 'sukamya@fameline', 1, '1.No Fameline gropu e-mail address\r\n2.Can not change to Thai language\r\n3.Can not access the server of QUALITY DPT\r\n\r\nID:12.168.1.154', '2016-05-12', '09:47:25', '2016-05-13', '08:16:03', 'Complete', 'ดำเนินการแก้ไขให้เรียบร้อยครับ', 'Promtep Maturapilas (เม่น)', 'หากติดปัญหา หรือมีข้อสงสัยเพิ่มเติม กรุณาโทร 202 ฝ่าย IT');
INSERT INTO `job` VALUES (273, 'จักรพันธ์', 'ไชยนุรักษ์', 5, 122, 'chakkraphan@fameline.com', 1, ' ขอใช้ NetWork ในงาน Scan ด้วยครับ ขอบคุณครับ', '2016-05-12', '15:57:36', '2016-05-13', '08:18:41', 'Complete', 'สามารถเข้าได้จากลิ้งนี้ครับ\r\n\r\n\\\\fax-server\\scan', 'Promtep Maturapilas (เม่น)', 'หากติดปัญหา หรือมีข้อสงสัยเพิ่มเติม กรุณาโทร 202 ฝ่าย IT');
INSERT INTO `job` VALUES (274, 'Duentem', 'Paijaroen', 12, 100, 'duentem@fameline.com', 1, 'โปรแกรม bar tender ที่ใช้ทำแทร็คปริ้นไม่ได้ \r\nIP 192.168.1.160  ', '2016-05-12', '16:09:02', '2016-05-13', '08:57:52', 'Complete', 'ดำเนินการแก้ไขเรียบร้อยแล้วครับ\r\n\r\n License ที่เครื่อง SV ยกเลิก', 'Promtep Maturapilas (เม่น)', 'หากติดปัญหา หรือมีข้อสงสัยเพิ่มเติม กรุณาโทร 202 ฝ่าย IT');
INSERT INTO `job` VALUES (275, 'จักรพันธ์', 'ไชยนุรักษ์', 5, 122, 'chakkraphan@fameline.com', 1, 'รบกวนอัปเดจโปรมแกรม line ในเครื่องให้ด้วยครับ 192.168.1.109 ขอบคุณครับ', '2016-05-12', '16:10:19', '2016-05-14', '08:08:35', 'Complete', 'ดำเนินการเรียบร้อยครับ', 'Promtep Maturapilas (เม่น)', 'หากติดปัญหา หรือมีข้อสงสัยเพิ่มเติม กรุณาโทร 202 ฝ่าย IT');
INSERT INTO `job` VALUES (276, 'สุภัทตรา', 'ดอกเทียน', 16, 108, 'dcc@fameline.com', 1, 'คอมห้องแลปที่ใช้ทดสอบงานดึง ดับไปเมื่อวาน 18.00 น. เช้าวันนี้ก็เปิดไม่ติด', '2016-05-13', '08:42:49', '2016-05-25', '16:22:52', 'Complete', 'ดำเนินการแก้ไข และจัดส่งคืนไปให้แล้วครับ', 'Promtep Maturapilas (เม่น)', 'หากติดปัญหา หรือมีข้อสงสัยเพิ่มเติม กรุณาโทร 202 ฝ่าย IT');
INSERT INTO `job` VALUES (277, 'nantaporn', 'komking', 15, 133, 'nantaporn@fameline.com', 4, 'เครื่องถ่ายเอกสาร ปริ้นงานไม่ได้คะ ขึ้น offline. ', '2016-05-13', '09:38:56', '2016-05-14', '08:09:08', 'Complete', 'แก้ไขให้เรียบร้อยแล้วครับ', 'Promtep Maturapilas (เม่น)', 'หากติดปัญหา หรือมีข้อสงสัยเพิ่มเติม กรุณาโทร 202 ฝ่าย IT');
INSERT INTO `job` VALUES (278, 'Duentem', 'Paijaroen', 12, 100, 'duentem@fameline.com', 1, 'ทำลายเซ็นอิเล็กทรอนิค  และทำ e-mail \r\n1.สมมาศ เงินจันทร์\r\n2.อรรถพล หาญเสมอ\r\n3.จินดา จันทร์ทำมา\r\n\r\n\r\n', '2016-05-13', '10:42:58', '2016-05-14', '11:22:04', 'Complete', 'ดำเนินการให้เรียบร้อยแล้วครับ', 'Promtep Maturapilas (เม่น)', 'หากติดปัญหา หรือมีข้อสงสัยเพิ่มเติม กรุณาโทร 202 ฝ่าย IT');
INSERT INTO `job` VALUES (279, 'Duentem', 'Paijaroen', 12, 100, 'duentem@fameline.com', 1, 'ลายเซ็นอิเล็คทรอนิคเซ็นไม่ได้  IP 198', '2016-05-16', '09:47:11', '2016-05-16', '10:30:11', 'Complete', '       ดำเนินการให้เรียบร้อยแล้วครับ', 'Promtep Maturapilas (เม่น)', 'หากติดปัญหา หรือมีข้อสงสัยเพิ่มเติม กรุณาโทร 202 ฝ่าย IT');
INSERT INTO `job` VALUES (280, 'วศิน', 'สังคต', 8, 111, 'wasin@fameline.com', 4, 'ปริ๊นงานไม่ได้ครับ มันขึ้นแจ้งเตือนที่ปริ๊นเตอร์ไม่สามารถปริ๊นได้', '2016-05-17', '08:50:16', '2016-05-18', '08:20:41', 'Complete', 'ดำเนินการแก้ไขแล้วครับ', ' เอกชัย ดวงมาลา', 'หากติดปัญหา หรือมีข้อสงสัยเพิ่มเติม กรุณาโทร 202 ฝ่าย IT');
INSERT INTO `job` VALUES (281, 'จีรศักดิ์', 'สุดลาภา', 15, 87, 'jeerasak@fameline.com', 1, 'ขอเปิดสิทธิเข้าดูไฟล์  \r\n1.warehouse_tr@fameline.com\r\n2.sopida@fameline.com\r\n3.sophita@fameline.com\r\n\r\nตามที่อยู่ที่แนบมาครับ  ขอด่วนครับ\r\n"\\\\win0802\\FACTORY_ON\\P1_INTERNAL\\ใบสั่งผลิต\\งานแผนกผลิตปี_2559\\ใบสั่งผลิตปี 2559\\ใบสั่งผลิต ปี2559_.xls"', '2016-05-17', '11:24:01', '2016-05-24', '08:05:32', 'Complete', 'User แจ้งว่าใช้งานได้แล้ว', 'Promtep Maturapilas (เม่น)', 'หากติดปัญหา หรือมีข้อสงสัยเพิ่มเติม กรุณาโทร 202 ฝ่าย IT');
INSERT INTO `job` VALUES (282, 'จันทิมา', 'ปะเมโท', 16, 108, 'chanthima@fameline.com', 4, 'เพิ่มปริ้นสีของเดือนนี้อีก 50 แผ่นค่ะ', '2016-05-17', '13:42:00', '2016-05-18', '09:23:33', 'Complete', 'ดำเนินการเรียบร้อยแล้วครับ', 'Promtep Maturapilas (เม่น)', 'หากติดปัญหา หรือมีข้อสงสัยเพิ่มเติม กรุณาโทร 202 ฝ่าย IT');
INSERT INTO `job` VALUES (283, 'Chuthamas', 'ChanChad', 14, 102, 'c_chunchad@hotmail.com', 3, 'เสียงกริ่งไม่ดังคะ  เริ่มเป็นตั้งแต่เย็นวันที่17/5/2016  \r\n\r\nเริ่มมีพนักงานร้องเรียนเรื่องเสียงกริ่งแล้วคะ  ถ้าให้ส่งไปซ่อมน่าจะไม่สะดวก อย่างน้อยก็ใช้เวลาส่งไปส่งมา 3 วัน พร้อมกับติดวันหยุด ซึ่งวันหยุดก็มีพนักงานเข้ามาทำโอที   \r\n      ', '2016-05-18', '08:56:09', '2016-08-26', '09:38:41', 'Complete', '    จะเร่งดำเนินการแก้ไข ให้ครับ  ', 'Akachai Duangmala (IT)', 'หากติดปัญหา หรือมีข้อสงสัยเพิ่มเติม กรุณาโทรแจ้ง 202 ฝ่าย IT');
INSERT INTO `job` VALUES (284, 'สถิตย์ภรณ์', 'เรือนดี', 14, 102, 'satitporn@fameline.com', 1, 'Scanกลาง ใช้ไม่ได้ค่ะ ด่วนนะ    ', '2016-05-18', '13:08:07', '2016-05-25', '16:23:29', 'Complete', 'แก้ไขให้ใช้งานได้ชั่วคราวแล้วครับ', 'Promtep Maturapilas (เม่น)', 'หากติดปัญหา หรือมีข้อสงสัยเพิ่มเติม กรุณาโทร 202 ฝ่าย IT');
INSERT INTO `job` VALUES (285, 'Supattra', 'Dorktian', 16, 108, 'dcc@fameline.com', 3, 'เข้าใช้งานในไฟล์ fax-server scan ไม่ได้ค่ะ', '2016-05-19', '08:39:55', '2016-05-25', '16:23:46', 'Complete', 'แก้ไขให้ใช้งานได้ชั่วคราวแล้วครับ', 'Promtep Maturapilas (เม่น)', 'หากติดปัญหา หรือมีข้อสงสัยเพิ่มเติม กรุณาโทร 202 ฝ่าย IT');
INSERT INTO `job` VALUES (286, 'monticha', 'jampasri', 17, 909786620, 'monticha@fameline.com', 3, 'จะส่งไฟล์วิดีโอ เพื่อให้ Supplier เห็นการทำงานของเครื่องจักรค่ะ ( เพื่อวิเคราะห์การซ่อมเครื่อง CNC )  รบกวนฝ่าย IT ช่วยดำเนินให้ด้วยค่ะ\r\n\r\nIP เครื่อง 192.168.1.76', '2016-05-19', '10:29:04', '2016-05-19', '11:22:07', 'Complete', 'ดำเนินการให้เรียบร้อยแล้วครับ', 'Promtep Maturapilas (เม่น)', 'หากติดปัญหา หรือมีข้อสงสัยเพิ่มเติม กรุณาโทร 202 ฝ่าย IT');
INSERT INTO `job` VALUES (287, 'วรวรรณ', 'เผือกสีสุข', 15, 841377383, '-', 1, 'เครื่องเลขที่ CF590312 เข้า ERP ไม่ได้,ปริ้นเอกสารไม่ได้,ส่งเมลล์ไม่ได้ ( ไม่มี e-mail )', '2016-05-21', '16:58:17', '2016-08-26', '09:37:20', 'Complete', ' ทาง IT จะดำเนินการแก้ไขให้ครับ     ', 'Akachai Duangmala (IT)', 'หากติดปัญหา หรือมีข้อสงสัยเพิ่มเติม กรุณาโทรแจ้ง 202 ฝ่าย IT');
INSERT INTO `job` VALUES (288, 'สถิตย์ภรณ์', 'เรือนดี', 14, 102, 'satitporn@fameline.com', 4, 'หมึกปริ้นสีดำลอก ปริ้นเอกสารไม่ชัด เลอะติดมือ', '2016-05-23', '11:30:56', '2016-08-20', '11:17:59', 'Complete', ' IT จะดำเนินการเปลี่ยนส่งหมึกให้เปลี่ยนครับ       ', 'Jakkrit thipyarn (IT)', 'หากติดปัญหา หรือมีข้อสงสัยเพิ่มเติม กรุณาโทรแจ้ง 202 ฝ่าย IT');
INSERT INTO `job` VALUES (289, 'ธีรยุทธ', 'บุญเจือ', 16, 898013939, 'theerayut@fameline.com', 3, 'รหัสเครื่อง192.168.1.83  ไม่สามารถเข้าเซ็นต์เอกสารใน Server ได้ และ save  ได้ครับ', '2016-05-23', '13:50:28', '2016-05-23', '14:10:51', 'Complete', 'ดำเนินการเรียบร้อยครับ', 'Promtep Maturapilas (เม่น)', 'หากติดปัญหา หรือมีข้อสงสัยเพิ่มเติม กรุณาโทร 202 ฝ่าย IT');
INSERT INTO `job` VALUES (290, 'Udomsak', 'Kaew-udom', 16, 109, 'udomsak@fameline.com', 3, 'ฝั่งพานทองตรง Scan เข้าใช้ไม่ได้มาประมาณ 1-2 สัปดาห์แล้ว ไม่แน่ใจว่าเพราะอะไรช่วยดูให้หน่อยครับ', '2016-05-23', '17:47:28', '2016-05-25', '16:25:48', 'Complete', 'แก้ไขให้ใช้งานได้ชั่วคราวแล้วครับ         ', 'Promtep Maturapilas (เม่น)', 'หากติดปัญหา หรือมีข้อสงสัยเพิ่มเติม กรุณาโทร 202 ฝ่าย IT');
INSERT INTO `job` VALUES (296, 'varinporn', 'sa-nguanram', 14, 100, 'varinporn@fameline.com', 3, 'INTERNET ในส่วนห้อง Design และ HR ไม่มีสัญญาณและในบางครั้งมีและหลุดบ่อยมาก  โดยเกิดขึ้นตั้งแต่วันที่ 25/05/16  และตอนนี้ยังไม่สามารถใช้งานได้ รบกวนฝ่าย IT ช่วยดำเนินการแก้ไขให้ด้วยนะคะ\r\n\r\nขอบคุณคะ', '2016-05-26', '08:48:52', '2016-05-31', '14:17:21', 'Complete', 'แก้ไขเรียบร้อยครับ', 'Promtep Maturapilas (เม่น)', 'หากติดปัญหา หรือมีข้อสงสัยเพิ่มเติม กรุณาโทร 202 ฝ่าย IT');
INSERT INTO `job` VALUES (291, 'ประเสริฐ', 'เจียสารัมย์', 7, 923826696, 'prasert.j@fameline.com', 1, 'ลง fonts ใหม่ครับ', '2016-05-24', '10:59:36', '2016-08-26', '09:37:39', 'Complete', '      ทาง IT จะดำเนินการให้ครับ ', 'Akachai Duangmala (IT)', 'หากติดปัญหา หรือมีข้อสงสัยเพิ่มเติม กรุณาโทรแจ้ง 202 ฝ่าย IT');
INSERT INTO `job` VALUES (292, 'นายณัฐกมล', 'ธรรมกันมา', 15, 989428987, 'planning', 3, 'ขอสิทธิเข้าถึงpc external ที่ทางคุณบอน จัดซื้อ เป็นผู้เผยแพร่ และ share folder ของ logistic ครับ', '2016-05-24', '15:02:20', '2016-05-25', '09:49:35', 'Complete', 'ดำเนินการเรียบร้อยครับ', 'Promtep Maturapilas (เม่น)', 'หากติดปัญหา หรือมีข้อสงสัยเพิ่มเติม กรุณาโทร 202 ฝ่าย IT');
INSERT INTO `job` VALUES (293, 'สิปปวิชญ์', 'สุวรรณรัตน์', 15, 841377383, '-', 5, 'ขออีเมลล์ ใช้สำหรับหัวหน้าหน่วย คลังวัตถุดิบ ชื่อ สิปปวิชญ์ รหัส10944 Name:sippawit และเข้าระบบ ERP รหัสเครื่อง CF 590312', '2016-05-24', '18:47:42', '2016-05-31', '13:23:35', 'Complete', 'ดำเนินการให้เรียบร้อยแล้วครับ', 'Promtep Maturapilas (เม่น)', 'หากติดปัญหา หรือมีข้อสงสัยเพิ่มเติม กรุณาโทร 202 ฝ่าย IT');
INSERT INTO `job` VALUES (294, 'ภิรมย์ญา', 'มีโชค', 2, 129, 'piromya@fameline.com', 1, 'ลงระบบCD กับเมล์ให้หน่อยค่ะ', '2016-05-24', '18:47:43', '0000-00-00', '00:00:00', 'Complete', ' ', ' ', ' ');
INSERT INTO `job` VALUES (295, 'varinporn', 'sa-nguanram', 14, 100, 'varinporn@fameline.com', 1, 'ขอเปลี่ยนเม้าส์  เนื่องจากอันเก่าสภาพไม่ค่อยดี', '2016-05-25', '10:38:09', '2016-05-25', '16:22:07', 'Complete', 'เปลี่ยนให้เรียบร้อยแล้วครับ', 'Promtep Maturapilas (เม่น)', 'หากติดปัญหา หรือมีข้อสงสัยเพิ่มเติม กรุณาโทร 202 ฝ่าย IT');
INSERT INTO `job` VALUES (297, 'สุนิสา', 'บัวมณี', 3, 879042899, 'sunisa.b@fameline.com', 3, 'ไม่สามารถเข้าPurchase external and Internal share drive ได้', '2016-05-27', '10:34:59', '2016-05-31', '13:24:15', 'Complete', 'ดำเนินการให้เรียบร้อยแล้วครับ', 'Promtep Maturapilas (เม่น)', 'หากติดปัญหา หรือมีข้อสงสัยเพิ่มเติม กรุณาโทร 202 ฝ่าย IT');
INSERT INTO `job` VALUES (298, 'ธีรยุทธ', 'บุญเจือ', 16, 898013939, 'theerayut@fameline.com', 2, 'ขอ pass word การเข้าใช้  ERP ด้วยครับ', '2016-05-27', '11:40:01', '2016-05-31', '14:16:46', 'Complete', 'ดำเนินการให้เรียบร้อยแล้วครับ ', 'Promtep Maturapilas (เม่น)', 'หากติดปัญหา หรือมีข้อสงสัยเพิ่มเติม กรุณาโทร 202 ฝ่าย IT');
INSERT INTO `job` VALUES (299, 'Manassamit', 'kloyeam', 3, 120, 'manassamit@fameline.com', 2, 'ระบบ ERP ของคุณมีน ไม่สามารถ set price approve ได้, และยังคงไม่ได้รับลายเซ็นต์ Electronic\r\nรบกวนดำเนินการให้ด่วน ๆ คะ่', '2016-05-31', '09:16:49', '2016-08-20', '11:21:51', 'Complete', 'ทาง IT จะเร่งดำเนินการแก้ไขให้ครับ       ', 'Jakkrit thipyarn (IT)', 'หากติดปัญหา หรือมีข้อสงสัยเพิ่มเติม กรุณาโทรแจ้ง 202 ฝ่าย IT');
INSERT INTO `job` VALUES (300, 'yaowalak', 'kerdsawat', 15, 814296979, 'yaowalak@fameline.com', 1, 'กู้แฟ้มงานชื่อ yaowalak ใน share drive ที่แจ้งไว้เมื่อ 30/05/59 รบกวนช่วยเหลือด่วนนะคะ ไฟล์งานอยู่ในนั้นค่ะ \r\nขอบคุณค่ะ', '2016-05-31', '09:37:35', '2016-05-31', '13:32:11', 'Complete', 'ดำเนินการให้แล้วครับ อยู่ที่หน้า Desktop ของตัวเครื่องครับ ชื่อ Folder Data ครับ', 'Promtep Maturapilas (เม่น)', 'หากติดปัญหา หรือมีข้อสงสัยเพิ่มเติม กรุณาโทร 202 ฝ่าย IT');
INSERT INTO `job` VALUES (301, 'sunisa', 'seela', 15, 824880988, 'sunisa@fameline.com', 4, 'ปริ้นเอกสารเครื่องปริ้น  EPSON ไม่ออก', '2016-05-31', '09:38:41', '2016-08-20', '11:16:35', 'Complete', 'จะดำเนินการแก้ไขให้ครับ   ', 'Jakkrit thipyarn (IT)', 'หากติดปัญหา หรือมีข้อสงสัยเพิ่มเติม กรุณาโทรแจ้ง 202 ฝ่าย IT');
INSERT INTO `job` VALUES (302, 'วรวรรณ', 'เผือกสีสุข', 15, 909617643, 'worrawan@fameline.com', 4, 'Add Printer ให้ด้วยค่ะ', '2016-05-31', '13:30:06', '2016-06-01', '11:13:05', 'Complete', 'เครื่องปริ้นเตอร์มีปกติ และสามารถใช้งานได้ครับ  ', 'Promtep Maturapilas (เม่น)', 'หากติดปัญหา หรือมีข้อสงสัยเพิ่มเติม กรุณาโทร 202 ฝ่าย IT');
INSERT INTO `job` VALUES (303, 'วรวรรณ', 'เผือกสีสุข', 15, 909617643, 'worrawan@fameline.com', 1, 'เครื่องไม่อ่านไฟล์ PDF ค่ะ ช่วยลงไฟล์ PDF ให้ใหม่ด้วยค่ะ', '2016-05-31', '13:46:08', '0000-00-00', '00:00:00', 'Complete', ' ', ' ', ' ');
INSERT INTO `job` VALUES (304, 'วรวรรณ', 'เผือกสีสุข', 15, 909617643, 'worrawan@fameline.com', 2, 'โปรแกรม ERP ตัวหนังสือหายมองไม่เห็นค่ะ', '2016-05-31', '13:51:01', '2016-06-01', '11:12:31', 'Complete', 'รีโมทเข้าไปทดลองแล้ว สามารถใช้งานได้ปกติครับ\r\nหากเข้าไม่เป็น ให้สอบถามเพื่อนพนักงานท่านอื่นๆครับ     ', 'Promtep Maturapilas (เม่น)', 'หากติดปัญหา หรือมีข้อสงสัยเพิ่มเติม กรุณาโทร 202 ฝ่าย IT');
INSERT INTO `job` VALUES (305, 'Narissara', 'Sutgon', 15, 830233770, 'narissara@fameline.com', 1, 'รบกวนฃ่วยทำไฟล์สแกนให้ด้วยค่ะ IPเครื่อง 192.168.1.89\r\n \r\nขอบคุณค่ะ', '2016-05-31', '16:55:02', '2016-06-01', '11:12:19', 'Complete', 'รีโมทเข้าไปทดลองแล้ว สามารถใช้งานได้ปกติครับ\r\nหากเข้าไม่เป็น ให้สอบถามเพื่อนพนักงานท่านอื่นๆครับ     ', 'Promtep Maturapilas (เม่น)', 'หากติดปัญหา หรือมีข้อสงสัยเพิ่มเติม กรุณาโทร 202 ฝ่าย IT');
INSERT INTO `job` VALUES (306, 'วรวรรณ', 'เผือกสีสุข', 15, 909617643, 'worrawan@fameline.com', 2, 'เครื่อง วรวรรณ กับ นริศรา ยังใช้งาน ERP ไม่ได้เลยค่ะช่วยแก้ไขให้ด้วยค่ะทำงานไม่ได้ค่ะ', '2016-06-01', '10:00:00', '2016-06-01', '11:12:05', 'Complete', 'รีโมทเข้าไปทดลองแล้ว สามารถใช้งานได้ปกติครับ\r\nหากเข้าไม่เป็น ให้สอบถามเพื่อนพนักงานท่านอื่นๆครับ', 'Promtep Maturapilas (เม่น)', 'หากติดปัญหา หรือมีข้อสงสัยเพิ่มเติม กรุณาโทร 202 ฝ่าย IT');
INSERT INTO `job` VALUES (307, 'นายณัฐกมล', 'ธรรมกันมา', 15, 989428987, 'planning@fameline.com', 2, 'ขอสิทธิเข้า ERP module การขาย\r\nต้องการข้อมูล Sale order ว่าแต่ละ Sale order\r\nต้องการอะไร เท่าไหร่ เมื่อไหร่', '2016-06-01', '12:01:31', '2016-06-01', '16:53:26', 'Complete', 'ดำเนินการให้เรียบร้อยครับ', 'Promtep Maturapilas (เม่น)', 'หากติดปัญหา หรือมีข้อสงสัยเพิ่มเติม กรุณาโทร 202 ฝ่าย IT');
INSERT INTO `job` VALUES (308, 'Supattra', 'Dorktian', 16, 108, 'dcc@fameline.com', 4, 'ขอเพิ่มกระดาษปริ้นสีประจำเดือน มิถุนายน 59 ของแผนก QA/QC จำนวน 50แผ่น ', '2016-06-01', '13:16:59', '2016-06-01', '16:51:28', 'Complete', 'ดำเนินการให้เรียบร้อยครับ', 'Promtep Maturapilas (เม่น)', 'หากติดปัญหา หรือมีข้อสงสัยเพิ่มเติม กรุณาโทร 202 ฝ่าย IT');
INSERT INTO `job` VALUES (309, 'จินวดี', 'อินพล', 14, 810723784, 'jinwadee@fameline.com', 2, 'เข้าใช้ระบบ ERP ไม่ได้', '2016-06-01', '13:46:10', '2016-06-01', '16:54:12', 'Complete', 'เข้าได้แล้วครับ เครื่อง SV ดับครับ เนื่องจากไฟฟ้าที่ออฟฟิต-เทพารักษ์ดับ', 'Promtep Maturapilas (เม่น)', 'หากติดปัญหา หรือมีข้อสงสัยเพิ่มเติม กรุณาโทร 202 ฝ่าย IT');
INSERT INTO `job` VALUES (310, 'สถิตย์ภรณ์', 'เรือนดี', 14, 102, 'satitporn@fameline.com', 1, 'อ็อดดังทุกชั่วโมงเลยค่ะ', '2016-06-01', '19:02:49', '2016-06-02', '08:16:19', 'Complete', 'ดำเนินการให้เรียบร้อยครับ', 'Promtep Maturapilas (เม่น)', 'หากติดปัญหา หรือมีข้อสงสัยเพิ่มเติม กรุณาโทร 202 ฝ่าย IT');
INSERT INTO `job` VALUES (311, 'สถิตย์ภรณ์', 'เรือนดี', 14, 102, 'satitporn@fameline.com', 1, 'แจ้งทำ E-Mail คุณปรีชา ค่ะ', '2016-06-01', '19:04:00', '2016-06-02', '08:24:23', 'Complete', 'จัดทำให้เรียบร้อยแล้วครับ ติดตั้งลงในเครื่องโน๊ตบุ๊คที่จัดส่งไปให้แล้วครับ', 'Promtep Maturapilas (เม่น)', 'หากติดปัญหา หรือมีข้อสงสัยเพิ่มเติม กรุณาโทร 202 ฝ่าย IT');
INSERT INTO `job` VALUES (312, 'Chuthamas', 'ChanChad', 14, 102, 'c_chunchad@hotmail.com', 3, 'รบกวนสอบถามเวลา  ที่ตั้งเสียงกริ่งค่ะ  เนื่องจากหลัง 17.00 น. ดังทุกชั่วโมง  และเสียงกริ่งลดเหลือ 1 ครั้ง ได้ไหมคะ  3 ครั้งมันดูแปลกๆๆ ^_^\r\n\r\n\r\n', '2016-06-01', '21:08:38', '2016-06-02', '08:25:54', 'Complete', 'ดำเนินการแก้ไขเรียบร้อยครับ', 'Promtep Maturapilas (เม่น)', 'หากติดปัญหา หรือมีข้อสงสัยเพิ่มเติม กรุณาโทร 202 ฝ่าย IT');
INSERT INTO `job` VALUES (313, 'manassamit', 'kloyeam', 3, 120, 'manassamit@fameline.com', 3, 'อินเตอร์เน็ตชอบมีปัญหา ระบบชอบแฮงค์\r\nอยากให้ IT ช่วยแก้ปัญหาอย่างถาวร', '2016-06-03', '10:02:48', '0000-00-00', '00:00:00', 'Complete', ' ', ' ', ' ');
INSERT INTO `job` VALUES (314, 'manassamit', 'kloyeam', 3, 120, 'manassamit@fameline.com', 2, 'ระบบ ERP\r\nAP-H001 Haining Rixin\r\nEntity matt unit purchase\r\nมีรายการขึ้นมามากมาย ทำให้คลิ๊กไม่ได้\r\nรบกวนแก้ให้ด่วน ๆ คะ่', '2016-06-03', '10:05:41', '0000-00-00', '00:00:00', 'Complete', ' ', ' ', ' ');
INSERT INTO `job` VALUES (315, 'Narissara', 'sUTGON', 15, 830233770, 'narissara@fameline.com', 2, 'ตัวหนังสือใน ERP  ยังหายเหมือนเดิมค่ะ', '2016-06-03', '10:46:26', '0000-00-00', '00:00:00', 'Complete', ' ', ' ', ' ');
INSERT INTO `job` VALUES (316, 'มณฑิชา', 'จำปาศรี', 17, 909786620, 'monticha@fameline.com', 1, 'รบกวนโหลดโปรแกรม PLC ค่ะ\r\nมีโปรแกรมแล้ว\r\nIP 192.168.1.167', '2016-06-03', '15:36:49', '0000-00-00', '00:00:00', 'Complete', ' ', ' ', ' ');
INSERT INTO `job` VALUES (317, 'นายณัฐกมล', 'ธรรมกันมา', 15, 989428987, 'planning@fameline.com', 4, 'ขอให้ลง driver printer เครื่องที่ตั้งอยู่ที่โรง 2 ให้ด้วยครับ เป็นทางเลือกฉุกเฉินเมื่อเครื่อง WH พังและต้องไปทำงานสองที่', '2016-06-03', '17:21:36', '0000-00-00', '00:00:00', 'Complete', ' ', ' ', ' ');
INSERT INTO `job` VALUES (318, 'นายณัฐกมล', 'ธรรมกันมา', 15, 989428987, 'planning@fameline.com', 1, 'เครื่องติด firewall ไม่สามารถต่อ wifi projector ได้ขอให้ set allow access สำหรับ easyMPต่อ projector ได้ด้วยครับ', '2016-06-06', '09:56:18', '0000-00-00', '00:00:00', 'Complete', ' ', ' ', ' ');
INSERT INTO `job` VALUES (319, 'บุญเสริม', 'ภู่เย็น', 16, 108, 'qc1@fameline.com', 2, 'เข้า ERP ไม่ได้ \r\nID 192.168.1.170', '2016-06-06', '11:44:46', '0000-00-00', '00:00:00', 'Complete', ' ', ' ', ' ');
INSERT INTO `job` VALUES (320, 'พะเยาว์', 'พันมุข', 16, 993921653, 'payao@fameline.com', 1, 'ไม่สามารถเปิดใช้งานได้', '2016-06-06', '15:30:52', '0000-00-00', '00:00:00', 'Complete', ' ', ' ', ' ');
INSERT INTO `job` VALUES (321, 'Duentem', 'Paijaroen', 12, 100, 'duentem@fameline.com', 4, 'kyocera FS-C8520 \r\n1. scan ไม่ได้  IP 192.168.1.15 \r\n2. printออกมาแล้วผงหมึกจางหายไม่ติดกระดาษ', '2016-06-07', '09:33:32', '0000-00-00', '00:00:00', 'Complete', ' ', ' ', ' ');
INSERT INTO `job` VALUES (322, 'ยุวดี', 'มีเง้า', 7, 928546159, 'tanita@fameline.com', 1, 'เครื่องค้าง', '2016-06-07', '09:37:09', '0000-00-00', '00:00:00', 'Complete', ' ', ' ', ' ');
INSERT INTO `job` VALUES (323, 'สุภัทตรา', 'ดอกเทียน', 16, 108, 'supattra@fameline.com', 2, 'log in เข้าระบบ ERP ไม่ได้', '2016-06-07', '10:15:40', '0000-00-00', '00:00:00', 'Complete', ' ', ' ', ' ');
INSERT INTO `job` VALUES (324, 'Chuthamas', 'ChanChad', 14, 102, 'c_chunchad@hotmail.com', 3, 'กริ่งไม่ดังค่ะ  ', '2016-06-08', '12:02:02', '0000-00-00', '00:00:00', 'Complete', ' ', ' ', ' ');
INSERT INTO `job` VALUES (325, 'ภาณุวัฒน์', 'กัญญาหัตถ์', 5, 830187844, 'panuwat.k@fameline.com', 3, 'ขอ IT support เครื่องคอมพนักงานใหม่\r\n1) ขอการเข้าใช้งาน Server \r\n2) ขอใช้งาน ERP\r\n3) ลง shortcut helpdesk & meeting room\r\n4) การใช้งาน youtube', '2016-06-09', '14:09:26', '2016-08-20', '11:26:55', 'Complete', ' จะเร่งดำเนินการให้ครับ      ', 'Akachai Duangmala (IT)', 'หากติดปัญหา หรือมีข้อสงสัยเพิ่มเติม กรุณาโทรแจ้ง 202 ฝ่าย IT');
INSERT INTO `job` VALUES (326, 'นายณัฐกมล', 'ธรรมกันมา', 15, 989428987, 'planning@fameline.com', 2, 'ขอให้ตั้งห้อง test หรือ visual server หรืออะไรก็ตาม เพื่อทดสอบการใช้งาน function ใน ERP ที่ยังไม่มีคนเข้าไปใช้', '2016-06-10', '10:13:32', '0000-00-00', '00:00:00', 'Complete', ' ', ' ', ' ');
INSERT INTO `job` VALUES (327, 'จันทิมา', 'ปะเมโท', 16, 108, 'qc1@fameline.com', 5, 'ขอเพิ่ม email ชื่อ Kantapong Ponlasen\r\nIP : 192.168.2.42\r\nเครื่อง PC ในห้องแลป QA', '2016-06-16', '11:18:19', '2016-08-20', '11:25:46', 'Complete', ' ดำเนินการให้เรียบร้อยครับ', '  Akachai Duangmala (IT)', 'หากติดปัญหา หรือมีข้อสงสัยเพิ่มเติม กรุณาโทรแจ้ง 202 ฝ่าย IT');
INSERT INTO `job` VALUES (328, 'มณฑิชา', 'จำปาศรี', 17, 909786620, 'monticha@fameline.com', 5, 'ส่งเมล์ไม่ได้  แต่รับเมล์ได้\r\n', '2016-06-29', '11:45:31', '2016-08-20', '11:25:04', 'Complete', 'จะดำเนินการแก้ไขให้ครับ  ', ' Akachai Duangmala (IT)', 'หากติดปัญหา หรือมีข้อสงสัยเพิ่มเติม กรุณาโทรแจ้ง 202 ฝ่าย IT');
INSERT INTO `job` VALUES (329, 'วรวุฒิ', 'เติมปิยกุล', 5, 899948630, 'vorawut@fameline.com', 1, '1.E-mail ไม่เคยได้รับ All User\r\n2.โน๊ตบุ๊คมีปัญหาดับเองบ่อยมากทั้งที่แบตอรี่ยังมีหรือแม้กระทั่งเสียบชาร์จอยู่ก็ตาม(พอเครื่องดับไม่สามรถเปิดไม่ได้เลย นอกเสียจากต้องถอดแบตอรี่ออกแล้วใส่ใหม่)\r\n3.Fonts Thai โปรแกรมต่างๆหาไม่เจอ\r\n4.ชื่อ User เครื่องไม่ถูกต้อง Vorawut Toempiyakul', '2016-07-04', '15:12:02', '2016-08-20', '11:13:21', 'Complete', 'ทาง IT จะรีบดำเนินการแก้ไขให้ครับ       ', 'Jakkrit thipyarn (IT)', 'หากติดปัญหา หรือมีข้อสงสัยเพิ่มเติม กรุณาโทรแจ้ง 202 ฝ่าย IT');
INSERT INTO `job` VALUES (330, 'ภาณุพงศ์', 'วรวิเศษ', 17, 879253613, 'panupong@fameline.com', 1, 'เนื่องจากเวลาเข้าไปแก้ไข หรือตรวจเช็คระบบการทำงานของ PLC จำเป็นต้องมีการอัปเดท       ตัวซอฟแวร์อยู่ตลอดเวลา บางครั้งก็จำเป็นต้องเข้าตรวจสอบในเวลากลางคืน ทำให้ไม่สามารถเข้าได้ เนื่องจากติด password จากฝ่าย IT จึงอยากให้ฝ่าย IT ช่วยปลดล๊อกคอมพิวเตอร์จาก password จำนวน 2 เครื่องครับ\r\n192.168.2.149\r\n192.168.2.184', '2016-07-06', '09:03:55', '2016-07-11', '09:18:24', 'Complete', 'เปิดสิทธิ์เรียบร้อยแล้วครับ', 'Akachai Duangmala (IT)', ' หากติดปัญหา หรือมีข้อสงสัยเพิ่มเติม กรุณาโทรแจ้ง 202 ฝ่าย IT');
INSERT INTO `job` VALUES (331, 'พรเทวา', 'คำจันทร์', 12, 120, 'pornthewa@fameline.com', 1, 'เปลี่ยนคีย์บอร์ด (USB) ของเก่าตัวอักษรเลื่อนลาง\r\n', '2016-07-07', '13:33:37', '2016-08-01', '10:13:22', 'Complete', 'ทาง IT จะจัดส่งไปให้โดยด่วนครับ ', 'Jakkrit thipyarn (IT)', '  หากติดปัญหา หรือมีข้อสงสัยเพิ่มเติม กรุณาโทรแจ้ง 202 ฝ่าย IT');
INSERT INTO `job` VALUES (332, 'จันทิมา', 'ปะเมโท', 16, 82, 'chanthima@fameline.com', 1, 'รบกวนกู้งานไฟล์ excel ชื่อว่า Test เม็ดพลาสติก', '2016-07-08', '18:06:26', '0000-00-00', '00:00:00', 'Complete', ' ', ' ', ' ');
INSERT INTO `job` VALUES (333, 'ธีรยุทธ', 'บุญเจือ', 16, 898013939, 'theerayut@fameline.com', 1, 'ช่วยติดตาม CPUของ  QC ที่ส่งไปซ่อมด้วยครับ ส่งไปนานแล้วครับ ', '2016-07-15', '08:27:49', '2016-07-21', '09:18:01', 'Complete', 'ฝ่าย IT จะเร่งดำเนินการให้ครับ', ' จีรศักดิ์ อุปมัย', ' หากมีปัญหาเพิ่มเติม รบกวนแจ้งฝ่าย IT ได้ทันทีครับ');
INSERT INTO `job` VALUES (334, 'สถิตย์ภรณ์', 'เรือนดี', 14, 102, 'satitporn@fameline.com', 1, 'ไม่สามารถเข้า www.jobthai.com ในการ search หาผู้สมัครงานได้', '2016-07-22', '08:52:34', '2016-08-06', '09:30:56', 'Complete', 'แจ้ง IP เครื่อง Computer ให้ฝ่าย IT มาได้เลยครับ\r\nทาง IT จะเร่งดำเนินการแก้ไขให้ครับ                  ', 'Jakkrit thipyarn (IT)', 'หากติดปัญหา หรือมีข้อสงสัยเพิ่มเติม กรุณาโทรแจ้ง 202 ฝ่าย IT');
INSERT INTO `job` VALUES (335, 'Pornsuda', 'Limprapan', 14, 38, 'pornsuda.l@fameline.com', 3, 'ไม่สามารถเข้า web jobthai มา 5 วันแล้วคะ', '2016-07-25', '08:54:11', '2016-08-06', '09:31:15', 'Complete', ' แจ้ง IP เครื่อง Computer ให้ฝ่าย IT มาได้เลยครับ\r\nทาง IT จะเร่งดำเนินการแก้ไขให้ครับ                 ', 'Jakkrit thipyarn (IT)', 'หากติดปัญหา หรือมีข้อสงสัยเพิ่มเติม กรุณาโทรแจ้ง 202 ฝ่าย IT');
INSERT INTO `job` VALUES (341, 'กันตพงศ์', 'พลเสน', 16, 108, 'kantapong@fameline.com', 1, 'แจ้ง ทำลายเซน Electronic ของ กันตพงศ์ พลเสน\r\nIP  192.168.2.76', '2016-07-26', '10:15:57', '2016-08-06', '09:49:04', 'Complete', 'รบกวนเขียนลายเซน แล้วถ่ายรูปส่งมาให้ทาง IT ครับ\r\nทาง IT จะดำเนินการให้ครับ             ', 'Jakkrit thipyarn (IT)', 'หากติดปัญหา หรือมีข้อสงสัยเพิ่มเติม กรุณาโทรแจ้ง 202 ฝ่าย IT');
INSERT INTO `job` VALUES (342, 'ฉลอง', 'ประมาณ', 13, 914106981, 'chalong@fameline.com', 1, 'จอ Monitor sumsung หมายเลย MFOE510501 ชำรุดไม่ขึ้นภาพ', '2016-07-27', '14:57:35', '2016-08-03', '08:37:15', 'Complete', 'การแก้ปัญหาเบื้องต้นลองเสียบสายจอด้านหลังให้แน่นครับ\r\nหากแก้ปัญหาแล้วจอยังไม่ขึ้นภาพ รบกวนติดต่อฝ่าย IT ', 'Jakkrit thipyarn (IT)', 'หากติดปัญหา หรือมีข้อสงสัยเพิ่มเติม กรุณาโทรแจ้ง 202 ฝ่าย IT');
INSERT INTO `job` VALUES (343, 'ฉลอง', 'ประมาณ', 13, 914106981, 'chalong@fameline.com', 4, 'Printer BIXOLON SLP-T400 Print งานได้แผ่นเว้นแผ่นตลอด (อาจต้องลง Driver ใหม่ทาง Supplier แจ้งมา)', '2016-07-27', '15:01:29', '2016-08-26', '09:36:43', 'Complete', 'รบกวนส่งเครื่องปริ้นมาที่ประเวศ เพื่อที่ทาง IT จะนำไปส่งซ่อมครับ           ', 'Jakkrit thipyarn (IT)', 'หากติดปัญหา หรือมีข้อสงสัยเพิ่มเติม กรุณาโทรแจ้ง 202 ฝ่าย IT');
INSERT INTO `job` VALUES (345, 'sorawuth', 'thaichaiyont', 1, 322, 'sorawuth@fameline.com', 4, 'cant print', '2016-07-29', '11:02:44', '2016-07-30', '10:33:17', 'Complete', 'แจ้ง IP เครื่อง Computer ให้ฝ่าย IT มาได้เลยครับ\r\nจะเร่งดำเนินการลง Driver ให้แล้วครับ', 'Akachai Duangmala (IT)', ' หากติดปัญหา หรือมีข้อสงสัยเพิ่มเติม กรุณาโทรแจ้ง 202 ฝ่าย IT');
INSERT INTO `job` VALUES (346, 'จิรศักดิ์', 'รักษ์จันทร์', 4, 816994067, 'jirasak@fameline.com', 1, 'ไม่สามารถต่อจอ LED และ ยังไม่สามารถสั่งพิมพ์กับเครื่องปริ้นที่ติดตั้งที่ชั้น 1 ได้', '2016-08-01', '11:19:36', '2016-08-02', '09:13:51', 'Complete', ' แจ้ง IP เครื่อง Computer ให้ฝ่าย IT มาได้เลยครับ\r\nจะเร่งดำเนินการลง Driver ให้ครับ    ', 'Jakkrit thipyarn (IT)', 'หากติดปัญหา หรือมีข้อสงสัยเพิ่มเติม กรุณาโทรแจ้ง 202 ฝ่าย IT');
INSERT INTO `job` VALUES (347, 'จิรศักดิ์', 'รักษ์จันทร์', 4, 816994067, 'jirasak@fameline.com', 5, 'แจ้งเซ็ตเมลให้พนังงานใหม่ด้วยครับ\r\n\r\n1. นัฐนันท์ กองแก้ว  ( Nattanan Kongkaew )\r\n    nattanan@fameline.com\r\n\r\n2.  นันทนา นาคใหญ่  ( Nantana  Nakyai )\r\n     nantana@fameline.com\r\n', '2016-08-04', '12:41:42', '2016-08-06', '10:14:41', 'Complete', ' ทาง IT จะเร่งดำเนินการให้ครับ      ', 'Jakkrit thipyarn (IT)', 'หากติดปัญหา หรือมีข้อสงสัยเพิ่มเติม กรุณาโทรแจ้ง 202 ฝ่าย IT');
INSERT INTO `job` VALUES (348, 'Pornsuda', 'Limprapan', 14, 38, 'pornsuda.l@fameline.com', 3, 'เข้า JOBTHAI ไม่ได้อีกแล้วคะ', '2016-08-04', '14:34:04', '2016-08-06', '09:30:27', 'Complete', 'แจ้ง IP เครื่อง Computer ให้ฝ่าย IT มาได้เลยครับ\r\nทาง IT จะเร่งดำเนินการแก้ไขให้ครับ             ', 'Jakkrit thipyarn (IT)', 'หากติดปัญหา หรือมีข้อสงสัยเพิ่มเติม กรุณาโทรแจ้ง 202 ฝ่าย IT');
INSERT INTO `job` VALUES (349, 'จินวดี', 'อินพล', 14, 810723784, 'jinwadee@fameline.com', 2, 'เข้าระบบจองห้องประชุมไม่ได้', '2016-08-06', '08:02:47', '0000-00-00', '00:00:00', 'Complete', ' ', ' ', ' ');
INSERT INTO `job` VALUES (350, 'จินวดี', 'อินพล', 14, 810723784, '่jinwadee@fameline.com', 5, 'e-mail รับเข้า-ส่งออกไม่ได้', '2016-08-08', '10:23:14', '2016-08-08', '11:00:12', 'Complete', 'รบกวนขอ IP เครื่อง COMPUTER  เพื่อทำการ Remote เข้าไปเช็คครับ\r\n', 'Jakkrit thipyarn (IT)', 'หากติดปัญหา หรือมีข้อสงสัยเพิ่มเติม กรุณาโทรแจ้ง 202 ฝ่าย IT');
INSERT INTO `job` VALUES (351, 'นลพรรณ', 'ศุภานุสนธิ์', 8, 307, 'ืnonlapan@fameline.com', 5, 'รบกวน ทำ Email ให้\r\n\r\nวิชยา สิริทวีบุญ รหัส พนักงาน 10974\r\nWICHAYA SIRITAWEEBOON\r\n\r\nแผนก Marketing', '2016-08-08', '10:58:59', '2016-08-08', '11:11:01', 'Complete', '  ทาง IT จะเร่งดำเนินการให้ครับ              ', 'Jakkrit thipyarn (IT)', 'หากติดปัญหา หรือมีข้อสงสัยเพิ่มเติม กรุณาโทรแจ้ง 202 ฝ่าย IT');
INSERT INTO `job` VALUES (352, 'vudhichai', 'boonjuea', 8, 314, 'vudhichai@fameline.com', 4, 'DRIVER HP PLOTER  ในฝ่าย DE ทุกเครื่อง', '2016-08-08', '13:23:47', '2016-08-09', '14:05:56', 'Complete', ' จะรีบดำเนินการให้โดยด่วนครับ       ', 'Jakkrit thipyarn (IT)', 'หากติดปัญหา หรือมีข้อสงสัยเพิ่มเติม กรุณาโทรแจ้ง 410 ฝ่าย IT');
INSERT INTO `job` VALUES (353, 'อรพรรณ', 'พรมเผือก', 8, 314, 'oraphan@fameline.com', 1, 'แฟลชไดร์ฟแผนก D&E จำนวน 10 อัน มีไวรัสรบกวนช่วยแสกนไวรัสเเละเก็บข้อมูลในเเฟลชไดร์ฟให้ด้วยค่ะ', '2016-08-08', '13:55:19', '2016-08-08', '15:59:47', 'Complete', 'ทาง IT จะเร่งดำเนินการแก้ไขให้ครับ      ', 'Jakkrit thipyarn (IT)', 'หากติดปัญหา หรือมีข้อสงสัยเพิ่มเติม กรุณาโทรแจ้ง 410 ฝ่าย IT');
INSERT INTO `job` VALUES (354, 'วัชรพงษ์', 'มาอุ่น', 8, 314, 'watcharapong@fameline.com', 1, 'ขอยืมจอคอมพิวเตอร์ ต่อกับ โน็ตบุ๊กเพื่อใช้ประกอบการทำแบบรถไฟฟ้าสายสีเขียวประมาณ 3 อาทิตย์', '2016-08-09', '11:19:15', '2016-08-09', '13:47:10', 'Complete', ' ทาง IT จะดำเนินการให้ครับ      ', 'Jakkrit thipyarn (IT)', 'หากติดปัญหา หรือมีข้อสงสัยเพิ่มเติม กรุณาโทรแจ้ง 410 ฝ่าย IT');
INSERT INTO `job` VALUES (355, 'กันตพงศ์', 'พลเสน', 16, 95, 'kantapong@fameline.com', 4, 'ขอเพิ่ม Printer KyoceraFS-6525 MFP\r\nรหัส 0017 และ Fax-Scan \r\nIP : 192.168.2.38 ครับ\r\nขอบคุณครับ \r\n', '2016-08-09', '14:14:17', '2016-08-09', '14:29:26', 'Complete', ' จะรีบดำเนินการให้โดยด่วนครับ', 'Jakkrit thipyarn (IT)', 'หากติดปัญหา หรือมีข้อสงสัยเพิ่มเติม กรุณาโทรแจ้ง 410 ฝ่าย IT');
INSERT INTO `job` VALUES (356, 'นายณัฐกมล', 'ธรรมกันมา', 15, 135, 'planning@fameline.com', 1, 'ขอจอภาพ เพิ่มขึ้น 1 จอภาพ ถาวร\r\nต่อกับ notebook เพิ่มพื้นที่การมองเห็น\r\nติดขัดประการใด แจ้งกลับทาง email หรือ line กลุ่ม\r\nได้ครับ', '2016-08-09', '15:38:14', '2016-08-09', '16:36:12', 'Complete', 'รบกวนทำ memo มาให้ทาง IT แล้วทาง IT จะดำเนินการให้ครับ      ', 'Jakkrit thipyarn (IT)', 'หากติดปัญหา หรือมีข้อสงสัยเพิ่มเติม กรุณาโทรแจ้ง 410 ฝ่าย IT');
INSERT INTO `job` VALUES (357, 'Supattra', 'Dorktian', 16, 108, 'dcc@fameline.com', 1, 'ไม่สามารถเข้าใช้งานใน QA_INTERNAL ได้', '2016-08-10', '08:34:33', '2016-08-10', '08:40:43', 'Complete', 'รบกวนแจ้ง username password และ IP computer เพื่อจะทำการแก้ไขให้ครับ   ', 'Jakkrit thipyarn (IT)', 'หากติดปัญหา หรือมีข้อสงสัยเพิ่มเติม กรุณาโทรแจ้ง 410 ฝ่าย IT');
INSERT INTO `job` VALUES (358, 'Duentem', 'Paijaroen', 12, 100, 'duentem@fameline.com', 1, 'คอม PC เครื่องพี่ตูนมีปัญหา\r\n1.ดับเอง-เปิดไม่ติด\r\n2.ขึ้นจอฟ้า\r\n3.ERP เข้าไม่ได้เป็นทุกวัน\r\n \r\n\r\n      ', '2016-08-10', '10:29:29', '2016-08-10', '10:43:12', 'Complete', 'จะรีบดำเนินการแก้ไขให้ครับ เดี๋ยวเจ้าหน้าที่จะเข้าไปดู       ', 'Jakkrit thipyarn (IT)', 'หากติดปัญหา หรือมีข้อสงสัยเพิ่มเติม กรุณาโทรแจ้ง 410 ฝ่าย IT');
INSERT INTO `job` VALUES (359, 'Supattra', 'Dorktian', 16, 108, 'dcc@fameline.com', 1, 'ขอเปลี่ยนแปลงลายเซ็นต์อิเลคทรอนิกส์ค่ะ จะส่งไฟล์ลายเซ็นต์ใหม่ไปทางอีเมลล์ ค่ะ\r\nIP เครื่อง 192.168.2.175\r\nชื่อเครื่อง  spattra', '2016-08-10', '11:05:29', '2016-08-10', '11:10:17', 'Complete', 'ทาง IT จะเร่งดำเนินการให้ครับ       ', 'Jakkrit thipyarn (IT)', 'หากติดปัญหา หรือมีข้อสงสัยเพิ่มเติม กรุณาโทรแจ้ง 410 ฝ่าย IT');
INSERT INTO `job` VALUES (360, 'Supattra', 'Dorktian', 16, 108, 'dcc@fameline.com', 1, 'ขอเพิ่มเติมลายเซ็นต์อิเล็คทรอนิกส์หัวหน้าแผนกคนใหม่ค่ะ ชื่อคุณจิระพงษ์  คงคาสวัสดิ์ \r\nIP เครื่อง 192.168.2.67', '2016-08-10', '11:08:17', '2016-08-10', '11:18:51', 'Complete', ' รบกวน เขียนลายเซ็นแล้วส่ง Mail มาให้ทาง IT แล้วจะเร่งดำเนินการให้ครับ     ', ' ', ' ');
INSERT INTO `job` VALUES (361, 'tippawan', 'Chantummee', 11, 202, 'tippawan@fameline.com', 2, 'ขอสิทธิ์การเข้าใช้งานระบบ ERP \r\nชื่อ Tippawan (ทิพวรรณ)\r\n', '2016-08-11', '15:51:44', '2016-08-13', '08:27:15', 'Complete', 'ทาง IT จะดำเนินการให้ครับ      ', 'Jakkrit thipyarn (IT)', 'หากติดปัญหา หรือมีข้อสงสัยเพิ่มเติม กรุณาโทรแจ้ง 410 ฝ่าย IT');
INSERT INTO `job` VALUES (362, 'วชิรา', 'สงวนนาม', 8, 311, 'wachira@fameline.com', 1, 'ระบบ HRMใช้งานไม่ได้( Your fire fox is out of date,Please download afresh copy) และ ไลน์บน PCแจ้งให้อัพเดท     \r\n\r\nIP 192..168.1.30 ', '2016-08-15', '09:37:15', '2016-08-15', '10:57:40', 'Complete', 'ทาง IT จะดำเนินการแก้ไขให้ครับ    ', 'Jakkrit thipyarn (IT)', 'หากติดปัญหา หรือมีข้อสงสัยเพิ่มเติม กรุณาโทรแจ้ง 202 ฝ่าย IT');
INSERT INTO `job` VALUES (363, 'จิรศักดิ์', 'รักษ์จันทร์', 4, 816994067, 'jirasak@fameline.com', 1, 'แจ้งให้ติดตั้ง โปรแกรม Line PC ในเครื่องของผมครับ', '2016-08-15', '09:43:03', '2016-08-15', '10:32:45', 'Complete', ' จะเร่งดำเนินการให้ครับ     ', 'Jakkrit thipyarn (IT)', 'หากติดปัญหา หรือมีข้อสงสัยเพิ่มเติม กรุณาโทรแจ้ง 202 ฝ่าย IT');
INSERT INTO `job` VALUES (364, 'จิรศักดิ์', 'รักษ์จันทร์', 4, 816994067, 'jirasak@fameline.com', 5, 'ขอ email สำหรับพนักงานใหม่ด้วยครับ\r\n\r\npiyakorn moomuensri ', '2016-08-15', '10:01:51', '2016-08-15', '10:32:19', 'Complete', ' IT จะเร่งดำเนินการให้ครับ      ', 'Jakkrit thipyarn (IT)', 'หากติดปัญหา หรือมีข้อสงสัยเพิ่มเติม กรุณาโทรแจ้ง 202 ฝ่าย IT');
INSERT INTO `job` VALUES (365, 'ไพบูลย์', 'ยืนชีวี', 13, 985310199, 'piboon@Fameline.com', 4, 'ไม่สามารถเชื่อมต่อกับเครื่องปริ้น FL2 ได้\r\nทำให้ไม่สามารถปริ้นเอกสารต่างๆได้\r\n\r\nAddress:192.168.2.141\r\nURL:http://192.168.2.141', '2016-08-15', '11:43:56', '2016-08-15', '11:53:17', 'Complete', 'ทาง IT จะเร่งดำเนินการแก้ไขให้ครับ       ', 'Jakkrit thipyarn (IT)', 'หากติดปัญหา หรือมีข้อสงสัยเพิ่มเติม กรุณาโทรแจ้ง 202 ฝ่าย IT');
INSERT INTO `job` VALUES (366, 'จันทิมา', 'ปะเมโท', 16, 82, 'chanthima@fameline.com', 4, 'ขอเพิ่ม Printer ปริันสี  รหัส 0017\r\nIP : 192.168.2.142', '2016-08-16', '08:17:24', '2016-08-16', '16:15:34', 'Complete', 'ดำเนินการให้เรียบร้อยครับ', 'Jakkrit thipyarn (IT)', 'หากติดปัญหา หรือมีข้อสงสัยเพิ่มเติม กรุณาโทรแจ้ง 202 ฝ่าย IT');
INSERT INTO `job` VALUES (367, 'อุไรวรรณ  ', 'จารีรัตน์', 8, 877423111, 'uraiwan@fameline.com', 1, 'สแกนไวรัส โน๊คบุ๊ค คุณโชคชัย ', '2016-08-16', '09:00:38', '2016-08-16', '11:53:55', 'Complete', ' รบกวน ขอ IP เครื่อง COMPUTER ด้วยครับ ทาง IT จะดำเนินการให้            ', 'Jakkrit thipyarn (IT)', 'หากติดปัญหา หรือมีข้อสงสัยเพิ่มเติม กรุณาโทรแจ้ง 202 ฝ่าย IT');
INSERT INTO `job` VALUES (368, 'อุไรวรรณ', 'จารีรัตน์ ', 8, 877423111, 'uraiwan@fameline.com', 1, 'เบิกโน๊ตบุ๊ค 2 เครื่อง ให้กับพนักงาน  BU 2 ทีม A \r\n1. คุณเอกสิทธิ์ แสงชัยนาท\r\n2. คุณมงคล ทิมม่วง \r\n\r\n* ได้รับโน๊ตบุ๊ค 2 เครื่องเรียบร้อยแล้วค่ะ*', '2016-08-16', '09:17:00', '2016-08-16', '11:28:04', 'Complete', ' ดำเนินการให้เรียบร้อยครับ      ', 'Jakkrit thipyarn (IT)', 'หากติดปัญหา หรือมีข้อสงสัยเพิ่มเติม กรุณาโทรแจ้ง 202 ฝ่าย IT');
INSERT INTO `job` VALUES (369, 'โสภิตา', 'ไฝต๊ะ', 15, 85, 'sophita@fameline.com', 1, 'ลงไลน์ในเครื่องของคอมพิวเตอร์ของ warehouse tr@fameline.com.ให้ด้วยค่ะ เพื่อความสะดวกในการส่งต่อข้อมูลการตามสินค้าหรือใบงานต่างๆให้ฝ่ายที่เกี่ยวข้องได้ รหัสเครื่อง IP NO. 192.168.1.87', '2016-08-16', '11:59:35', '2016-08-16', '13:28:04', 'Complete', '  ดำเนินการให้เรียบร้อยครับ           ', 'Jakkrit thipyarn (IT)', 'หากติดปัญหา หรือมีข้อสงสัยเพิ่มเติม กรุณาโทรแจ้ง 202 ฝ่าย IT');
INSERT INTO `job` VALUES (370, 'โสภิตา', 'ไฝต๊ะ', 15, 85, 'sophita@fameline.com', 1, 'ขอเพิ่มเติมลายเซ็นต์อิเล็คทรอนิกส์ ของคุณรังสรรค์  ปิ่นทอง หัวหน้าแผนกจัดส่ง รหัสเครื่อง IP192.168.1.26', '2016-08-16', '12:04:25', '2016-08-16', '13:29:44', 'Complete', 'รบกวนเขียนลายเซ็นแล้ว ถ่ายรูปส่งเมล์มา ให้ทาง IT ครับ  ทาง IT จะดำเนินการให้     ', 'Jakkrit thipyarn (IT)', 'หากติดปัญหา หรือมีข้อสงสัยเพิ่มเติม กรุณาโทรแจ้ง 202 ฝ่าย IT');
INSERT INTO `job` VALUES (371, 'โสภิตา', 'ไฝต๊ะ', 15, 85, 'sophita@fameline.com', 2, 'NOTE BOOK ที่คุณรังสรรค์หัวหน้าจัดส่งใช้อยู่ไม่สามารถเข้าระบบ ERP ได้ เพราะทางจัดส่งต้องการดูรายงานสต็อคในระบบของทางคลัง3ที่เพื่อใช้เป็นข้อมูลในการขนย้ายสินค้าขายกลับมาคลังประเวศ', '2016-08-16', '12:08:14', '2016-08-17', '10:44:22', 'Complete', 'จะรีบดำเนินการให้ครับ       ', 'Jakkrit thipyarn (IT)', 'หากติดปัญหา หรือมีข้อสงสัยเพิ่มเติม กรุณาโทรแจ้ง 202 ฝ่าย IT');
INSERT INTO `job` VALUES (372, 'Supattra', 'Dorktian', 16, 108, 'dcc@fameline.com', 3, 'ขอสิทธิ์การเข้าใช้งานในฝ่าย QA/QC', '2016-08-16', '18:08:03', '2016-08-17', '10:39:09', 'Complete', 'เปิดสิทธิ์ให้เรียบร้อยแล้วครับ', 'Jakkrit thipyarn (IT)', 'หากติดปัญหา หรือมีข้อสงสัยเพิ่มเติม กรุณาโทรแจ้ง 202 ฝ่าย IT');
INSERT INTO `job` VALUES (373, 'Sirichai', 'Kordcunta', 12, 899388528, 'sirichai@fameline.com', 1, 'ช่วยลง Program line ให้ใหม่ด้วยครับ เคยแจ้งมา Update แต่ ไม่สำเร็จ หายไปเลยจากหน้าจอครับ', '2016-08-17', '08:08:47', '2016-08-17', '08:32:33', 'Complete', 'รบกวนขอ IP COMPUTER  ด้วยครับ ทาง IT จะดำเนินการลงให้      ', 'Jakkrit thipyarn (IT)', 'หากติดปัญหา หรือมีข้อสงสัยเพิ่มเติม กรุณาโทรแจ้ง 202 ฝ่าย IT');
INSERT INTO `job` VALUES (374, 'บุษบง', 'ฉัตรโอฬารกุล', 8, 316, 'boodsabong@fameline.com', 1, 'รบกวนลงโปรแกรม Line ในเครื่องคอมฯ เพื่อความสะดวกในการทำงานให้ด้วยค่ะ IP:192.168.1.40', '2016-08-17', '11:44:12', '2016-08-17', '13:13:55', 'Complete', 'จะรีบดำเนินการให้ครับ       ', 'Jakkrit thipyarn (IT)', 'หากติดปัญหา หรือมีข้อสงสัยเพิ่มเติม กรุณาโทรแจ้ง 202 ฝ่าย IT');
INSERT INTO `job` VALUES (375, 'จิระพงษ์ ', 'คงคาสวัสดิ์', 16, 108, 'jirapong@fameline.com', 3, 'ไม่สามารถใช้งาน ในฝ่าย QA/QC ได้', '2016-08-17', '16:26:53', '2016-08-19', '10:56:21', 'Complete', 'เปิดสิทธิ์ให้เรียบร้อยครับ', 'Jakkrit thipyarn (IT)', 'หากติดปัญหา หรือมีข้อสงสัยเพิ่มเติม กรุณาโทรแจ้ง 202 ฝ่าย IT');
INSERT INTO `job` VALUES (376, 'ประดิษฐ์', 'มัตตาเฮต', 16, 813741657, 'praditaui@gmail.com', 1, 'FILE  FOLDER  เป็น PDF FILE  ไม่สามารถเข้าใช้งานได้ บางFILE', '2016-08-18', '16:42:08', '2016-08-19', '10:55:43', 'Complete', ' รบกวน ขอ Ip computer  ด้วยครับ ทาง IT จะดำเนินการแก้ไขปัญหาให้ครับ      ', 'Jakkrit thipyarn (IT)', 'หากติดปัญหา หรือมีข้อสงสัยเพิ่มเติม กรุณาโทรแจ้ง 202 ฝ่าย IT');
INSERT INTO `job` VALUES (377, 'อุไรวรรณ', 'จารีรัตน์ ', 8, 877423111, 'uraiwan@fameline.com', 1, 'แอดรหัสปริ้นเตอร์เครื่องโน๊ตบุ๊ค คุณมงคล ม้ากระโทก ด้วยค่ะ เนื่องจากเครื่องยังไม่ได้แอดกับเครื่องปริ้นเตอร์ใหม่ค่ะ  ', '2016-08-19', '09:38:07', '2016-08-19', '10:13:06', 'Complete', 'รบกวนส่ง IP computer มา ทาง IT จะดำเนินการให้ครับ       ', 'Jakkrit thipyarn (IT)', 'หากติดปัญหา หรือมีข้อสงสัยเพิ่มเติม กรุณาโทรแจ้ง 202 ฝ่าย IT');
INSERT INTO `job` VALUES (378, 'Duentem', 'Paijaroen', 12, 100, 'duentem@fameline.com', 1, '1.ทำ e-mail กลางของฝ่ายผลิต 1 ใช้สำหรับ รับ-ส่ง ใบเบิกวัสดุระหว่างคลังสินค้า\r\n2.ทำลายเซ็นอิเล็ททรอนิค 3 ชื่อ รายละเอียดจะส่งให้ทางเมล์อีกครั้ง\r\nIP.158,124 ทำเหมือนกันทั้ง 2 เครื่อง\r\n\r\n ', '2016-08-19', '10:37:12', '2016-08-19', '10:53:44', 'Complete', 'รบกวนขอ IP computer และเขียนลายเซ็นแล้วส่งมาทาง Mail ทั้ง3ชื่อ    ทาง IT จะเร่งดำเนินการให้ครับ   ', 'Jakkrit thipyarn (IT)', 'หากติดปัญหา หรือมีข้อสงสัยเพิ่มเติม กรุณาโทรแจ้ง 202 ฝ่าย IT');
INSERT INTO `job` VALUES (379, 'Chuthamas', 'Chanchad', 14, 102, 'Chuthamas@fameline.com', 5, 'รบกวนเพิ่ม Email คุณปรีดาในAll Manager ให้ด้วยค่ะ', '2016-08-22', '08:35:42', '2016-08-22', '10:39:09', 'Complete', 'ดำเนินการให้เรียบร้อยครับ       ', 'Jakkrit thipyarn (IT)', 'หากติดปัญหา หรือมีข้อสงสัยเพิ่มเติม กรุณาโทรแจ้ง 202 ฝ่าย IT');
INSERT INTO `job` VALUES (380, 'กรรณ', 'จงวัฒนา', 8, 817536720, 'ghan@fameline.com', 1, 'อนุญาตให้เข้าไปที่ไฟล์กลาง\\\\win0801 ได้ จากNotebook', '2016-08-22', '09:18:12', '2016-08-22', '15:09:18', 'Complete', 'ทาง IT จะเร่งดำเนินการให้ครับ       ', 'Jakkrit thipyarn (IT)', 'หากติดปัญหา หรือมีข้อสงสัยเพิ่มเติม กรุณาโทรแจ้ง 202 ฝ่าย IT');
INSERT INTO `job` VALUES (381, 'ประดิษฐ์', 'มัตตาเฮต', 16, 122, 'qc3@fameline.com', 1, 'เข้าเมล(Microsoft Outlook)ไม่ได้\r\n\r\n192.168.2.62', '2016-08-22', '11:21:47', '2016-08-22', '16:31:23', 'Complete', 'ทาง IT จะเร่งดำเนินการแก้ไขให้ครับ       ', 'Jakkrit thipyarn (IT)', 'หากติดปัญหา หรือมีข้อสงสัยเพิ่มเติม กรุณาโทรแจ้ง 202 ฝ่าย IT');
INSERT INTO `job` VALUES (382, 'สถิตย์ภรณ์', 'เรือนดี', 14, 102, 'satitporn@fameline.com', 4, 'ขอปริ้นสี 20 แผ่น', '2016-08-22', '15:29:42', '2016-08-22', '15:40:15', 'Complete', 'ดำเนินการให้เรียบร้อยครับ', 'Jakkrit thipyarn (IT)', 'หากติดปัญหา หรือมีข้อสงสัยเพิ่มเติม กรุณาโทรแจ้ง 202 ฝ่าย IT');
INSERT INTO `job` VALUES (383, 'สถิตย์ภรณ์', 'เรือนดี', 14, 102, 'satitporn@fameline.com', 1, 'แจ้งขอ Notebook ให้กับฝ่ายคลังสินค้า จำนวน 2 เครื่อง \r\n\r\n- เจ้าหน้าที่วางแผนผลิต 1\r\n- เจ้าหน้าที่วางแผนจัดซื้อ\r\n\r\nซึ่งจะมาเริ่มงานวัน จันทร์ ที่ 29 สิงหาคม 2559 \r\n      ', '2016-08-22', '15:36:52', '2016-08-31', '08:31:14', 'Complete', '  IT จะดำเนินการให้ครับ      ', 'Jakkrit thipyarn (IT)', 'หากติดปัญหา หรือมีข้อสงสัยเพิ่มเติม กรุณาโทรแจ้ง 202 ฝ่าย IT');
INSERT INTO `job` VALUES (384, 'piraporn', 'sukkawat', 8, 316, 'boodsabong@fameline.com', 1, 'ขอเบิกแผ่น CD เปล่า 5 แผ่น ใช้ดาว์นโหลดงาน K.โอภาส', '2016-08-22', '15:52:20', '2016-08-22', '15:54:57', 'Complete', 'ทาง IT จะดำเนินการให้ครับ        ', 'Jakkrit thipyarn (IT)', 'หากติดปัญหา หรือมีข้อสงสัยเพิ่มเติม กรุณาโทรแจ้ง 202 ฝ่าย IT');
INSERT INTO `job` VALUES (385, 'จิระพงษ์', 'คงคาสวัสดิ์', 16, 108, 'jirapong@fameline.com', 3, 'IP Address 192.168.2.67 ไม่สามารถเข้าใช่ File Scan ได้ รบกวนช่วยทำการเปิดการเข้าถึงให้ด้วยครับ', '2016-08-23', '09:30:16', '2016-08-25', '09:22:23', 'Complete', 'ดำเนินการให้เรียบร้อยครับ   ', 'Jakkrit thipyarn (IT)', 'หากติดปัญหา หรือมีข้อสงสัยเพิ่มเติม กรุณาโทรแจ้ง 202 ฝ่าย IT');
INSERT INTO `job` VALUES (386, 'Udomsak', 'Kaew-udom', 16, 96, 'udomsak@fameline.com', 1, 'ขอ PC 1 ชุด สำหรับ QC (ชุดเดิมที่ส่งกลับไปเช็ค)\r\nUser: Boossaba\r\nE-mail: qc4@fameline.com', '2016-08-24', '10:22:51', '2016-08-26', '09:02:45', 'Complete', 'จะดำเนินการจัดส่งไปให้ครับ    ', 'Jakkrit thipyarn (IT)', 'หากติดปัญหา หรือมีข้อสงสัยเพิ่มเติม กรุณาโทรแจ้ง 202 ฝ่าย IT');
INSERT INTO `job` VALUES (387, 'duentem', 'paijaroen', 12, 100, 'duentem@fameline.com', 1, 'คอมใช้ไม่ได้ เป็นมา 2 วันแล้วคะ', '2016-08-24', '17:00:56', '2016-08-25', '09:24:01', 'Complete', 'กำลังดำเนินการแก้ไขให้อยู่ครับ', 'Jakkrit thipyarn (IT)', 'หากติดปัญหา หรือมีข้อสงสัยเพิ่มเติม กรุณาโทรแจ้ง 202 ฝ่าย IT');
INSERT INTO `job` VALUES (388, 'ยุพิน', 'คำนวนอินทร์', 2, 86, 'yupin@fameline.com', 2, 'ERP ใช้ไม่ได้ค่ะ ', '2016-08-25', '08:26:45', '2016-08-25', '09:24:36', 'Complete', 'กำลังดำเนินการแก้ไขให้ครับ       ', 'Jakkrit thipyarn (IT)', 'หากติดปัญหา หรือมีข้อสงสัยเพิ่มเติม กรุณาโทรแจ้ง 202 ฝ่าย IT');
INSERT INTO `job` VALUES (389, 'Duentem', 'Paijaroen', 12, 100, 'duentem@fameline.com', 1, 'คอมพิวเตอร์ของเครื่อง CNC เปิดไม่ติด ', '2016-08-25', '11:51:13', '0000-00-00', '00:00:00', 'Pending', ' ', ' ', ' ');
INSERT INTO `job` VALUES (390, 'Chanthima', 'Pameto', 16, 108, 'chanthima@fameline.com', 4, 'ขอเพิ่มกระดาษปริ้นสี 20 แผ่น\r\nรหัส 0017', '2016-08-25', '15:52:34', '2016-08-26', '09:06:02', 'Complete', ' เพิ่มให้เรียบร้อยครับ      ', 'Jakkrit thipyarn (IT)', 'หากติดปัญหา หรือมีข้อสงสัยเพิ่มเติม กรุณาโทรแจ้ง 202 ฝ่าย IT');
INSERT INTO `job` VALUES (391, 'Udomsak', 'Kaewudom', 16, 109, 'udomsak@fameline.com', 5, 'คอมคุณประดิษฐ์ 192.168.2.155 เข้าเมลไม่ได้\r\nqc3@fameline.com', '2016-08-27', '15:00:25', '2016-08-29', '08:37:24', 'Complete', 'ทาง IT จะเร่งดำเนินการแก้ไขให้ครับ      ', 'Jakkrit thipyarn (IT)', 'หากติดปัญหา หรือมีข้อสงสัยเพิ่มเติม กรุณาโทรแจ้ง 202 ฝ่าย IT');
INSERT INTO `job` VALUES (392, 'Udomsak', 'Kaewudom', 16, 109, 'udomsak@fameline.com', 5, 'คอมคุณพเยาว์ 192.168.2.154 เข้าเมลไม่ได้\r\nqc2@fameline.com  ', '2016-08-27', '15:05:31', '2016-08-29', '08:37:08', 'Complete', ' ทาง IT จะเร่งดำเนินการแก้ไขให้ครับ      ', 'Jakkrit thipyarn (IT)', 'หากติดปัญหา หรือมีข้อสงสัยเพิ่มเติม กรุณาโทรแจ้ง 202 ฝ่าย IT');
INSERT INTO `job` VALUES (393, 'Supattra', 'Dorktian', 16, 108, 'dcc@fameline.com', 1, 'ขนาดของ ลายเซ็นต์เล็กเกินไป', '2016-08-27', '16:25:02', '2016-08-29', '08:30:56', 'Complete', 'ทาง IT จะดำเนินการแก้ไขให้ครับ       ', 'Jakkrit thipyarn (IT)', 'หากติดปัญหา หรือมีข้อสงสัยเพิ่มเติม กรุณาโทรแจ้ง 202 ฝ่าย IT');
INSERT INTO `job` VALUES (394, 'Pornsuda', 'Limprapan', 14, 38, 'pornsuda.l@fameline.com', 3, 'เข้า win 0802 ไม่ได้คะ', '2016-08-29', '14:06:15', '2016-08-29', '16:19:03', 'Complete', 'ทาง IT จะเร่งดำเนินการแก้ไขให้ครับ      ', 'Jakkrit thipyarn (IT)', 'หากติดปัญหา หรือมีข้อสงสัยเพิ่มเติม กรุณาโทรแจ้ง 202 ฝ่าย IT');
INSERT INTO `job` VALUES (395, 'Udomsak', 'Kaew-udom', 16, 96, 'udomsak@fameline.com', 1, 'เครื่องคุณประดิษฐ์เปิด pdf ไม่ได้\r\n192.168.2.187', '2016-08-30', '09:40:14', '2016-08-30', '15:20:40', 'Complete', '       IT จะดำเนินการแก้ไขให้ครับ', 'Jakkrit thipyarn (IT)', 'หากติดปัญหา หรือมีข้อสงสัยเพิ่มเติม กรุณาโทรแจ้ง 202 ฝ่าย IT');
INSERT INTO `job` VALUES (396, 'Charawut', 'P.', 5, 122, 'charawut@fameline.com', 1, '1.ERP\r\n2.youtube ดูไม่ได้\r\n3.google chrome browser\r\n4.out look เปลี่ยนภาษาแล้วค้าง\r\n5.Printer ทั้งโรง1 และ ประเวท\r\n6.VDO ในไลน์ดูไม่ได้\r\n7.โปรแกรม ไรท์แผ่น\r\n\r\nQP 192.168.2.68\r\n', '2016-08-30', '10:40:21', '2016-09-03', '08:35:40', 'Complete', 'ทาง IT จะเร่งดำเนินการให้ครับ      ', 'Jakkrit thipyarn (IT)', 'หากติดปัญหา หรือมีข้อสงสัยเพิ่มเติม กรุณาโทรแจ้ง 202 ฝ่าย IT');
INSERT INTO `job` VALUES (397, 'Leo', 'C.Fuyoc', 11, 426, 'tippawan@fameline.com', 1, 'ขอปลั๊กพ่วงที่โต๊ะคุณลีโอ', '2016-08-30', '15:55:27', '2016-08-30', '16:39:25', 'Complete', 'IT จะดำเนินการให้ครับ       ', 'Jakkrit thipyarn (IT)', 'หากติดปัญหา หรือมีข้อสงสัยเพิ่มเติม กรุณาโทรแจ้ง 202 ฝ่าย IT');
INSERT INTO `job` VALUES (398, 'ยุพิน', 'คำนวนอินทร์', 2, 86, 'yupin@fameline.com', 5, 'ข้อมูล INBOX ใน Email หายตั้งแต่วันที่ 2/3/2559 จนถึงวันที่ 23/8/2559 รบกวนกู้ข้อมูลให้หน่อยนะค่ะ ', '2016-08-31', '09:28:47', '2016-08-31', '12:30:22', 'Pending', 'รบกวน ขอ IP Computer ด้วยครับ ทาง IT จะแก้ไขให้       ', 'Jakkrit thipyarn (IT)', 'หากติดปัญหา หรือมีข้อสงสัยเพิ่มเติม กรุณาโทรแจ้ง 202 ฝ่าย IT');
INSERT INTO `job` VALUES (399, 'sunisa', 'seela', 15, 824880988, 'sunisa@fameline.com', 5, 'ต้องการดูอีเมล์เดือน 4 รบกวนดึงข้อมูลกับมาให้ด้วยคะ IP 2.174', '2016-08-31', '14:12:23', '2016-09-01', '08:43:22', 'Pending', 'IT จะดำเนินการให้ครับ      ', 'Jakkrit thipyarn (IT)', 'หากติดปัญหา หรือมีข้อสงสัยเพิ่มเติม กรุณาโทรแจ้ง 202 ฝ่าย IT');
INSERT INTO `job` VALUES (400, 'พนาวรรณ', 'ฐิติพันธุ์ธนกุล', 15, 91, 'phanawan@fameline.com', 2, 'ขอ Password เพื่อใช้งานระบบ ERP', '2016-08-31', '15:39:30', '2016-08-31', '16:48:32', 'Complete', 'IT จะดำเนินการให้ครับ       ', 'Jakkrit thipyarn (IT)', 'หากติดปัญหา หรือมีข้อสงสัยเพิ่มเติม กรุณาโทรแจ้ง 202 ฝ่าย IT');
INSERT INTO `job` VALUES (401, 'sorawuth', 'thaichaiyont', 1, 322, 'sorawuth@fameline.com', 1, 'Update AutoCAD', '2016-09-01', '10:05:00', '2016-09-28', '10:58:27', 'Complete', 'จะดำเนินการให้ครับ    ', 'Jakkrit thipyarn (IT)', 'หากติดปัญหา หรือมีข้อสงสัยเพิ่มเติม กรุณาโทรแจ้ง 202 ฝ่าย IT');
INSERT INTO `job` VALUES (402, 'รวิภาส', 'ปทิต', 15, 984769997, 'raveepak@fameline.com', 2, 'ของรหัสผ่าน ระบบ ERP ขอบคุณครับ', '2016-09-02', '07:19:30', '2016-09-07', '16:18:56', 'Complete', 'เปิดสิทธิ์เข้าใช้งานระบบ ERP ให้เรียบร้อยครับ\r\nuser : raveepak\r\npass : raveepak\r\n\r\n', 'Jakkrit thipyarn (IT)', 'หากติดปัญหา หรือมีข้อสงสัยเพิ่มเติม กรุณาโทรแจ้ง 202 ฝ่าย IT');
INSERT INTO `job` VALUES (403, 'Udomsak', 'Kaew-udom', 16, 109, 'udomsak@fameline.com', 3, 'ช่วย Pass ไฟล์วีดิโอ ไปให้ฝ่ายขายต่างประเทศด้วยครับ เพราะความจุเยอะส่งเมลไม่ได้    192.168.2.164  ', '2016-09-02', '14:38:58', '2016-09-03', '08:13:10', 'Complete', 'ทาง IT จะดำเนินการให้ครับ รบกวน ขอ Email ของฝ่ายต่างประเทศด้วยครับ      ', 'Jakkrit thipyarn (IT)', 'หากติดปัญหา หรือมีข้อสงสัยเพิ่มเติม กรุณาโทรแจ้ง 202 ฝ่าย IT');
INSERT INTO `job` VALUES (404, 'Panuwat', 'Kanyahat', 5, 830187844, 'panuwat.k@fameline.com', 1, 'ขอลงโปรแกรม Solidworks 2016 4 เครื่อง\r\nลงโปรแกรม 3D Printer Cura\r\nในวันจันทร์ที่ 5 / 9 / 2016', '2016-09-02', '17:01:58', '2016-09-03', '10:06:12', 'Complete', ' ทาง IT จะดำเนินการให้ครับ      ', 'Jakkrit thipyarn (IT)', 'หากติดปัญหา หรือมีข้อสงสัยเพิ่มเติม กรุณาโทรแจ้ง 202 ฝ่าย IT');
INSERT INTO `job` VALUES (405, 'Butsaba', 'Arpatching', 16, 122, 'qc4@fameline.com', 1, 'ขอใช้สิทธิ์ในการใช้งาน Drive Quality_Control (win0802) และ ไฟล์ hrscan     เปลียน password การเข้าใช้งานเครื่อง qc4 ค่ะ\r\nIp 192.168.2.151', '2016-09-05', '11:27:19', '2016-09-09', '09:01:34', 'Complete', 'ทาง IT จะดำเนินสร้าง Folder ให้ครับ  แล้วเปลี่ยน Password นี่เปลี่ยน Password เป็นอะไรครับรบกวนแจ้งด้วย  ', 'Jakkrit thipyarn (IT)', 'หากติดปัญหา หรือมีข้อสงสัยเพิ่มเติม กรุณาโทรแจ้ง 202 ฝ่าย IT');
INSERT INTO `job` VALUES (406, 'Butsaba', 'Arpatching', 16, 122, 'qc3@fameline.com', 1, 'qc3 ต้องการเพิ่ม ไฟล์ Scan และ Add เครื่องปริ้น      \r\nIP.192.168.2.139', '2016-09-05', '11:35:41', '2016-09-05', '14:31:33', 'Complete', 'รบกวน ขอ IP เครื่อง Computer ด้วยครับ เพื่อที่จะ remote เข้าไปทำให้       ', 'Jakkrit thipyarn (IT)', 'หากติดปัญหา หรือมีข้อสงสัยเพิ่มเติม กรุณาโทรแจ้ง 202 ฝ่าย IT');
INSERT INTO `job` VALUES (407, 'พิราภรณ์', 'สุขวัฒน์', 8, 316, 'piraporn@fameline.com', 1, 'Computer มีปัญหาไม่สามารถเข้าใช้งานได้เลยค่ะ\r\nรอบเช้า IT ดำเนินการแก้ไขแล้ว ก็ยังคงไม่สามารถใช้งานได้ตามปกติค่ะ', '2016-09-05', '11:52:44', '2016-09-06', '10:51:39', 'Complete', '       IT จะดำเนินการแก้ไขให้ครับ', 'Jakkrit thipyarn (IT)', 'หากติดปัญหา หรือมีข้อสงสัยเพิ่มเติม กรุณาโทรแจ้ง 202 ฝ่าย IT');
INSERT INTO `job` VALUES (408, 'วชิรา  ', 'สงวนนาม', 8, 311, 'วชิรา', 4, 'ขอเบิกหมึกเครื่อ Printer EPSON L220 1 ชุด', '2016-09-05', '14:47:43', '2016-09-05', '15:55:38', 'Complete', 'IT จะดำเนินการให้ครับ    ', 'Jakkrit thipyarn (IT)', 'หากติดปัญหา หรือมีข้อสงสัยเพิ่มเติม กรุณาโทรแจ้ง 202 ฝ่าย IT');
INSERT INTO `job` VALUES (409, 'sorawuth', 'thaichaiyont', 1, 322, 'sorawuth@fameline.com', 3, 'Cant open folder " \\\\win0801  - Design - Design & Engineer - ## RECEIVE JOB  2016 ## - กสท composite 3.00 mm - Part 1-40"', '2016-09-05', '16:13:40', '2016-09-05', '16:44:05', 'Complete', 'เปิดสิทธิ์ให้เรียบร้อยครับ', 'Jakkrit thipyarn (IT)', 'หากติดปัญหา หรือมีข้อสงสัยเพิ่มเติม กรุณาโทรแจ้ง 202 ฝ่าย IT');
INSERT INTO `job` VALUES (410, 'พนาวรรณ', 'ฐิติพันธ์ุธนกุล', 15, 918195137, 'phanawan@fameline.com', 3, 'ขอใช้สิทธิ์การเข้างานระบบ  Purchase Win0801 ด้วยค่ะ', '2016-09-06', '10:23:37', '0000-00-00', '00:00:00', 'Complete', ' ', ' ', ' ');
INSERT INTO `job` VALUES (411, 'Chanthima', 'Pametho', 16, 108, 'chanthima@fameline.com', 1, 'แจ้งเปลี่ยนระบบวันที่ของโน๊ตบุ๊ค จาก เดือน/วัน/ปี\r\nเป็น วัน/ เดือน/ ปี\r\nIP 192.168.2.140', '2016-09-06', '10:46:12', '2016-09-06', '10:53:01', 'Complete', '      IT จะดำเนินการแก้ไขให้ครับ ', 'Jakkrit thipyarn (IT)', 'หากติดปัญหา หรือมีข้อสงสัยเพิ่มเติม กรุณาโทรแจ้ง 202 ฝ่าย IT');
INSERT INTO `job` VALUES (412, 'Uraiwan', 'Jareerat ', 8, 311, 'uraiwan@fameline.com', 1, 'ลงโปรแกรมเครื่องโน๊ตบุ๊คฝ่ายโครงการ 2 เครื่อง เครื่องที่ 1  คุณโชคชัย IP. 192.168.1.119 เชื่อมต่อไดร์กลางบริษัท  + ลงโปรแกรมการทำงาน , เครื่องที่ 2 คุณเอกสิทธิ์  IP. 192.168.1.85 ลงโปรแกรมการทำงาน                 ', '2016-09-07', '16:49:32', '2016-09-08', '11:15:32', 'Complete', ' จะเร่งดำเนินการให้ครับ            ', 'Jakkrit thipyarn (IT)', 'หากติดปัญหา หรือมีข้อสงสัยเพิ่มเติม กรุณาโทรแจ้ง 202 ฝ่าย IT');
INSERT INTO `job` VALUES (413, 'Udomsak', 'Kaewudom', 16, 96, 'udomsak@fameline.com', 1, 'ช่วยต่อ Printer ของโรง1 ให้หน่อยครับ\r\nและอนุญาตให้เข้าถึง hrscan ด้วย\r\nIP 192.168.2.139      ', '2016-09-08', '08:13:24', '2016-09-08', '11:00:49', 'Complete', 'ดำเนินการให้เรียบร้อยครับ       ', 'Jakkrit thipyarn (IT)', 'หากติดปัญหา หรือมีข้อสงสัยเพิ่มเติม กรุณาโทรแจ้ง 202 ฝ่าย IT');
INSERT INTO `job` VALUES (414, 'Udomsak', 'Kaewudom', 16, 96, 'udomsak@fameline.com', 3, 'ขอสิทธิ์เข้าถึง QUALITY และ hrscan ด้วยครับ\r\nIP 192.168.2.151', '2016-09-08', '08:21:34', '2016-09-08', '10:50:33', 'Complete', 'เปิดสิทธิ์ให้เรียบร้อยครับ', 'Jakkrit thipyarn (IT)', 'หากติดปัญหา หรือมีข้อสงสัยเพิ่มเติม กรุณาโทรแจ้ง 202 ฝ่าย IT');
INSERT INTO `job` VALUES (415, 'Duentem', 'Paijaroen', 12, 100, 'duentem@fameline.com', 5, 'รบกวนกุู้เมล์ขาออกประมาณเดือน 4-8 \r\nIP 192.168.2.148', '2016-09-08', '13:48:03', '0000-00-00', '00:00:00', 'Complete', ' ', ' ', ' ');
INSERT INTO `job` VALUES (416, 'สถิตย์ภรณ์', 'เรือนดี', 14, 102, 'satitporn@fameline.com', 5, 'E-mail ผู้สมัครงานผ่าน Job Thai เข้าผ่าน E-mail ครั้งละ 5 ข้อความ ต่อผู้สมัคร 1ท่าน  \r\nIP 192.168.2.132    ', '2016-09-09', '08:21:53', '2016-09-09', '08:44:57', 'Complete', 'จะเร่งดำเนินการแก้ไขให้ครับ       ', 'Jakkrit thipyarn (IT)', 'หากติดปัญหา หรือมีข้อสงสัยเพิ่มเติม กรุณาโทรแจ้ง 202 ฝ่าย IT');
INSERT INTO `job` VALUES (417, 'สถิตย์ภรณ์', 'เรือนดี', 14, 102, 'satitporn@fameline.com', 4, 'ขอปริ้นสี 20 แผ่น', '2016-09-09', '15:16:33', '2016-09-09', '15:42:19', 'Complete', 'จะดำเนินการให้ครับ   ', 'Jakkrit thipyarn (IT)', 'หากติดปัญหา หรือมีข้อสงสัยเพิ่มเติม กรุณาโทรแจ้ง 202 ฝ่าย IT');
INSERT INTO `job` VALUES (418, 'กุณฑล', 'อนะธรรมสมบัติ', 8, 306, 'kunthon@fameline.com', 1, 'อยากให้ลง โปรแกรม Rhino ให้ครับ และตัว Evolute ที่เป็น plugin เสริม', '2016-09-09', '16:24:10', '2016-09-12', '11:30:11', 'Complete', 'IT จะดำเนินการลงให้ครับ', 'Jakkrit thipyarn (IT)', 'หากติดปัญหา หรือมีข้อสงสัยเพิ่มเติม กรุณาโทรแจ้ง 202 ฝ่าย IT');
INSERT INTO `job` VALUES (419, 'Supattra', 'Dorktian', 16, 811916185, 'dcc@fameline.com', 3, ' DCC ไม่สามารถเข้าใช้งานใน ไฟล์ของ DCC ได้ค่ะ', '2016-09-10', '08:21:53', '2016-09-13', '10:23:08', 'Complete', '    IT จะเร่งดำเนินการแก้ไขให้ครับ   ', 'Jakkrit thipyarn (IT)', 'หากติดปัญหา หรือมีข้อสงสัยเพิ่มเติม กรุณาโทรแจ้ง 202 ฝ่าย IT');
INSERT INTO `job` VALUES (420, 'Udomsak', 'Kaew-udom', 16, 96, 'udomsak@fameline.com', 1, 'เม้าส์เสียครับ ขอเปลี่ยนอันใหม่ (ส่งกลับสำนักงานใหญ่แล้ว)', '2016-09-10', '08:36:47', '2016-09-12', '08:15:09', 'Complete', 'จะดำเนินการส่งเม้าส์ใหม่ไปให้ครับ     ', 'Jakkrit thipyarn (IT)', 'หากติดปัญหา หรือมีข้อสงสัยเพิ่มเติม กรุณาโทรแจ้ง 202 ฝ่าย IT');
INSERT INTO `job` VALUES (421, 'Udomsak', 'Kaew-udom', 16, 96, 'udomsak@fameline.com', 4, 'Projector ไม่สว่างครับ ช่วยปรับแก้ให้หน่อย (ส่งกลับสำนักงานใหญ่แล้ว)', '2016-09-10', '08:41:01', '2016-09-13', '10:14:05', 'Complete', 'ในส่วนของ Projector นี้ ปรับความสว่างได้เท่านี้ครับ เนื่องจากหลอดภาพ Projector  เสื่อมครับ   ', 'Jakkrit thipyarn (IT)', 'หากติดปัญหา หรือมีข้อสงสัยเพิ่มเติม กรุณาโทรแจ้ง 202 ฝ่าย IT');
INSERT INTO `job` VALUES (422, 'Pornsuda', 'Limprapan', 14, 38, 'pornsuda.l@fameline.com', 1, 'ปัญหา log in เข้า Window ไม่ได้เครื่องมันขึ้นฟ้องว่า\r\n\r\n"The trust relationship between this workstation and the primary domain failed."\r\n', '2016-09-10', '14:19:26', '2016-09-13', '10:21:48', 'Complete', '      IT จะดำเนินการแก้ไขให้ครับ', 'Jakkrit thipyarn (IT)', 'หากติดปัญหา หรือมีข้อสงสัยเพิ่มเติม กรุณาโทรแจ้ง 202 ฝ่าย IT');
INSERT INTO `job` VALUES (423, 'พิชญาดา', 'แย้มขำ', 7, 435, 'chanida@fameline.com', 3, 'ขอเพิ่มสิทธิเข้า ห้อง MK', '2016-09-14', '08:58:27', '2016-09-14', '09:11:28', 'Complete', ' เปิดสิทธิ์ให้เรียบร้อยครับ      ', 'Jakkrit thipyarn (IT)', 'หากติดปัญหา หรือมีข้อสงสัยเพิ่มเติม กรุณาโทรแจ้ง 202 ฝ่าย IT');
INSERT INTO `job` VALUES (424, 'มนัชยา', 'ลับเนตร', 7, 434, 'ratsarin@fameline.com', 5, 'ต้องการขอใช้ E-MAIL OUTLOOK \r\nมนัชยา ชื่อ Manatchaya', '2016-09-14', '10:41:59', '2016-09-15', '15:16:03', 'Complete', 'เนื่องจากตอนนี้เวลาการทำงานยังไม่ผ่านโปร จึงไม่สามารถทำ E-MAIL ให้ได้ครับ       ', 'Jakkrit thipyarn (IT)', 'หากติดปัญหา หรือมีข้อสงสัยเพิ่มเติม กรุณาโทรแจ้ง 202 ฝ่าย IT');
INSERT INTO `job` VALUES (425, 'Pornsuda', 'Limprapan', 14, 38, 'pornsuda.l@fameline.com', 1, 'ปัญหา log in เข้า window ไม่ได้', '2016-09-14', '16:43:49', '2016-09-15', '15:34:21', 'Complete', 'IT จะเร่งดำเนินการแก้ไขให้ครับ  ', 'Jakkrit thipyarn (IT)', 'หากติดปัญหา หรือมีข้อสงสัยเพิ่มเติม กรุณาโทรแจ้ง 202 ฝ่าย IT');
INSERT INTO `job` VALUES (426, 'Pornsuda', 'Limprapan', 14, 38, 'pornsuda.l@fameline.com', 3, 'เข้า web jobthai และ jobsdb ไม่ได้', '2016-09-14', '16:45:21', '2016-10-04', '11:40:35', 'Complete', '  จะดำเนินการแก้ไขให้ครับ     ', 'Jakkrit thipyarn (IT)', 'หากติดปัญหา หรือมีข้อสงสัยเพิ่มเติม กรุณาโทรแจ้ง 202 ฝ่าย IT');
INSERT INTO `job` VALUES (427, 'นางสาวยุพิน', 'คำนวนอินทร์', 2, 86, 'yupin@fameline.com', 1, 'ลงโปรแกรมไลน์ในเครื่องคอมพิวเตอร์ของพิ้งค์บัญชีพานทองให้ด้วยค่ะ เพื่อความสะดวกในการส่งต่อข้อมูลเอกสารต่าง ๆ และการติดตามงานหรือใบงานต่างๆให้ฝ่ายที่เกี่ยวข้องได้ รหัสเครื่อง IP NO. 192.168.2.65  ', '2016-09-15', '13:41:38', '2016-09-15', '14:09:19', 'Complete', '   จะดำเนินการให้ครับ    ', 'Jakkrit thipyarn (IT)', 'หากติดปัญหา หรือมีข้อสงสัยเพิ่มเติม กรุณาโทรแจ้ง 202 ฝ่าย IT');
INSERT INTO `job` VALUES (428, 'Natdanai', 'Titayannapong', 5, 303, 'natdanai', 1, 'รบกวนเพิ่มลายเซ็นให้ด้วยครับ IP 192.168.1.45 ครับ', '2016-09-15', '14:31:17', '0000-00-00', '00:00:00', 'Complete', ' ', ' ', ' ');
INSERT INTO `job` VALUES (429, 'จันทิมา', 'ปะเมโท', 16, 82, 'chanthima@fameline.com', 2, 'ขอแจ้งใช้สิทธิ์รหัสเข้าระบบ ERP\r\nชื่อ Kantapong Ponlasen', '2016-09-16', '09:14:45', '2016-09-29', '09:46:04', 'Complete', 'ดำเนินการให้เรียบร้อยครับ    ', 'Jakkrit thipyarn (IT)', 'หากติดปัญหา หรือมีข้อสงสัยเพิ่มเติม กรุณาโทรแจ้ง 202 ฝ่าย IT');
INSERT INTO `job` VALUES (430, 'Udomsak', 'Kaew-udom', 16, 96, 'udomsak@fameline.com', 1, 'เปิดไฟล์ Microsoft word และ Acrobat บางตัวไม่ได้\r\nIP 192.168.2.51', '2016-09-19', '10:05:23', '2016-09-19', '10:19:27', 'Complete', 'ไม่ทราบว่าเปิดไฟล์ไหนไม่ได้ครับ แจ้งด้วยครับ ขอ IP COMPUTER เพื่อเข้าเครื่องไปตรวจสอบให้ครับ', 'Jakkrit thipyarn (IT)', 'หากติดปัญหา หรือมีข้อสงสัยเพิ่มเติม กรุณาโทรแจ้ง 202 ฝ่าย IT');
INSERT INTO `job` VALUES (431, 'กุณฑล', 'อนะธรรมสมบัติ', 8, 306, 'kunthon@fameline.com', 3, 'ปลดบล็อคเว็ป  www.lifecivil.com  ด้วยครับ', '2016-09-19', '12:29:23', '0000-00-00', '00:00:00', 'Complete', ' ', ' ', ' ');
INSERT INTO `job` VALUES (432, 'ปริวัตร', 'ป้องกัน', 8, 306, 'pariwat9716@gmail.com', 3, 'ปลดบล็อคเว็ป  www.lifecivil.com  ด้วยครับ      ', '2016-09-19', '12:30:23', '0000-00-00', '00:00:00', 'Complete', ' ', ' ', ' ');
INSERT INTO `job` VALUES (433, 'ธีรยุทธ', 'บุญเจือ', 16, 122, 'theerayut@fameline.com', 1, 'ช่วยเปลี่ยน Password การเปิดเครื่องให้หน่อยครับ\r\n192.168.2.32', '2016-09-20', '16:37:46', '2016-09-29', '09:19:41', 'Complete', ' เรียนคุณ ธีรยุทธ รบกวนแจ้ง Password ที่ต้องการจะเปลี่ยน   ทาง IT จะดำเนินการให้ครับ ', 'Jakkrit thipyarn (IT)', 'หากติดปัญหา หรือมีข้อสงสัยเพิ่มเติม กรุณาโทรแจ้ง 202 ฝ่าย IT');
INSERT INTO `job` VALUES (434, 'Duentem', 'Paijaroen', 12, 100, 'duentem@fameline.com', 3, 'เครื่อง PUN 01 ใช้งานไม่ได้ IP.192.168.2.78', '2016-09-22', '08:27:53', '2016-09-28', '10:56:09', 'Complete', 'จะเร่งดำเนินการแก้ไขให้ครับ       ', 'Jakkrit thipyarn (IT)', 'หากติดปัญหา หรือมีข้อสงสัยเพิ่มเติม กรุณาโทรแจ้ง 202 ฝ่าย IT');
INSERT INTO `job` VALUES (435, 'kunthon', 'Anathamsombat', 8, 306, 'kunthon@fameline.com', 1, 'ลง Skype ให้ทีครับ ต้องใช้ติดต่องาน', '2016-09-22', '09:14:43', '2016-09-22', '09:58:32', 'Complete', 'รบกวนขอ IP เครื่อง COMPUTER ด้วยครับ ทาง IT จะดำเนินการลงให้', 'Jakkrit thipyarn (IT)', 'หากติดปัญหา หรือมีข้อสงสัยเพิ่มเติม กรุณาโทรแจ้ง 202 ฝ่าย IT');
INSERT INTO `job` VALUES (436, 'จันทิมา', 'ปะเมโท', 16, 108, 'chanthima@fameline.com', 4, 'ขอพิ่มกระดาษปริ้นสี 50 แแผ่นค่ะ', '2016-09-22', '10:08:17', '2016-09-22', '11:03:55', 'Complete', 'ดำเนินการให้เรียบร้อยครับ      ', 'Jakkrit thipyarn (IT)', 'หากติดปัญหา หรือมีข้อสงสัยเพิ่มเติม กรุณาโทรแจ้ง 202 ฝ่าย IT');
INSERT INTO `job` VALUES (437, 'เกรียงไกร', 'มิ่งมงคล', 11, 427, 'kriangkrai@fameline.com', 3, 'เข้า win0801 >>> Marketing support โฟลเดอร์ไม่ได้ เมื่อก่อนเข้าได้', '2016-09-22', '14:12:21', '2016-09-24', '11:14:03', 'Complete', '  จะดำเนินการแก้ไขให้ครับ     ', 'Jakkrit thipyarn (IT)', 'หากติดปัญหา หรือมีข้อสงสัยเพิ่มเติม กรุณาโทรแจ้ง 202 ฝ่าย IT');
INSERT INTO `job` VALUES (438, 'จันทิมา', 'ปะเมโท', 16, 108, 'chanthima@fameline.com', 4, 'เพิ่มกระดาษปริ้นสี 50 แผ่น', '2016-09-22', '15:19:57', '2016-09-24', '11:11:42', 'Complete', '  ดำเนินการให้เรียบร้อยครับ', 'Jakkrit thipyarn (IT)', 'หากติดปัญหา หรือมีข้อสงสัยเพิ่มเติม กรุณาโทรแจ้ง 202 ฝ่าย IT');
INSERT INTO `job` VALUES (439, 'สถิตย์ภรณ์', 'เรือนดี', 14, 102, 'satitporn@fameline.com', 4, 'ปริ้นสี 20 แผ่นค่ะ', '2016-09-22', '15:21:29', '2016-09-24', '11:12:05', 'Complete', 'ดำเนินการให้เรียบร้อยครับ', 'Jakkrit thipyarn (IT)', 'หากติดปัญหา หรือมีข้อสงสัยเพิ่มเติม กรุณาโทรแจ้ง 202 ฝ่าย IT');
INSERT INTO `job` VALUES (440, 'Duentem', 'Paijaroen', 12, 100, 'duentem@fameline.com', 4, 'เครื่องปริ้นโรง 1 ใช้งานไม่ได้ อาการคือ เครื่องฟ้องว่าไม่มีอะไหล่ รบกวนตามช่างให้ด่วนคะ เนื่องจากต้องใช้หลายฝ่าย', '2016-09-26', '12:00:13', '2016-09-27', '16:30:04', 'Complete', ' จะเร่งดำเนินการแก้ไขให้ครับ     ', ' Jakkrit Thipyarn (IT)', ' หากมีปัยหา เพิ่มเติม โทรติดต่อ 202');
INSERT INTO `job` VALUES (441, 'มณฑิชา', 'จำปาศรี', 17, 909786620, 'monticha@fameline.com', 3, 'ขอดูกล้องวงจรปิด วันที่ 15 กันยายน 59\r\nเนื่องจากพนักงานฝ่ายวิศวกรรมไม่มีเวลาแสกนนิ้ว\r\nทั้งขาเข้าและขาออก 2 คน ค่ะ\r\n', '2016-09-26', '12:00:15', '0000-00-00', '00:00:00', 'Complete', ' ', ' ', ' ');
INSERT INTO `job` VALUES (442, 'นายณัฐกมล', 'ธรรมกันมา', 15, 135, 'planning@fameline.com', 1, 'ขอให้ลงโปรแกรม line PC\r\nสำหรับ notebook ไอพี 192.168.2.62 \r\nด้วยครับ มือถือส่วนตัวแพ็คเกจหมดแล้วติดต่อยาก', '2016-09-26', '13:53:01', '2016-09-27', '16:31:16', 'Complete', ' ดำเนินการให้เรียบร้อยครับ', 'Jakkrit Thipyarn (IT)', 'หากมีปัยหา เพิ่มเติม โทรติดต่อ 202 ฝ่าย IT');
INSERT INTO `job` VALUES (443, 'ภูวนัย', 'อาจหาญ', 13, 127, 'poolwanai@fameline.com', 3, 'เข้าไปวาง PRที่ฟอเดอร์ \\\\win0801\\PURCHASE\\PC_EXTERNAL\\PR\\PR_F2  ไม่ได้ครับ', '2016-09-26', '14:13:38', '2016-09-29', '09:20:15', 'Complete', 'ดำเนินการแก้ไขให้เรียบร้อยครับ       ', 'Jakkrit thipyarn (IT)', 'หากติดปัญหา หรือมีข้อสงสัยเพิ่มเติม กรุณาโทรแจ้ง 202 ฝ่าย IT');
INSERT INTO `job` VALUES (444, 'ภัทร์ศิญาฏา', 'ธนกีรติกุล', 4, 966296451, 'patsiyata@fameline.com', 5, 'ถึงฝ่าย IT ค่ะ รบกวนขอเมล์ของ จรรยามนฑน์ กำพุธ\r\nChanyamon Kumput \r\nขอบคุณค่ะ ', '2016-09-27', '11:20:26', '2016-09-29', '09:53:37', 'Complete', ' ดำเนินการเพิ่มอีเมล์ให้เรียบร้อยแล้วครับ  และจะดำเนินการติดตั้งเครื่องคอมพิวเตอร์ให้ตาม Memo ที่ส่งมาครับ         ', 'Jakkrit thipyarn (IT)', 'หากติดปัญหา หรือมีข้อสงสัยเพิ่มเติม กรุณาโทรแจ้ง 202 ฝ่าย IT');
INSERT INTO `job` VALUES (445, 'พนาวรรณ', 'ฐิติพันธ์ุธนกุล', 15, 91, 'phanawan@fameline.com', 4, 'ปลิ้นงานจากคอมออกทางเครื่องปริ้นไม่ได้', '2016-09-28', '08:46:25', '2016-09-28', '12:34:17', 'Complete', 'ดำเนินการแก้ไขให้เรียบร้อยครับ', 'Jakkrit thipyarn (IT)', 'หากติดปัญหา หรือมีข้อสงสัยเพิ่มเติม กรุณาโทรแจ้ง 202 ฝ่าย IT');
INSERT INTO `job` VALUES (446, 'yaowalak', 'Kerdsawat', 15, 814296979, 'yaowalak@fameline.com', 4, 'add printer  wharehouse Pw.\r\nthank you ka.', '2016-09-28', '12:53:03', '2016-09-28', '13:31:23', 'Complete', 'ดำเนินการให้เรียบร้อยครับ       ', 'Jakkrit thipyarn (IT)', 'หากติดปัญหา หรือมีข้อสงสัยเพิ่มเติม กรุณาโทรแจ้ง 202 ฝ่าย IT');
INSERT INTO `job` VALUES (447, 'Duentem', 'Paijaroen', 12, 100, 'duentem@fameline.com', 5, 'Up รายชื่อผู้ติดต่อในเมล์ IP.172', '2016-09-28', '14:00:16', '2016-09-29', '09:28:55', 'Complete', ' รบกวนขอ IP COMPUTER ด้วยครับ\r\n ทาง IT จะเข้าไปดำเนินการ UP รายชื่อให้ครับ ', 'Jakkrit thipyarn (IT)', 'หากติดปัญหา หรือมีข้อสงสัยเพิ่มเติม กรุณาโทรแจ้ง 202 ฝ่าย IT');
INSERT INTO `job` VALUES (448, 'มณฑิชา', 'จำปาศรี', 17, 909786620, 'monticha@fameline.com', 3, '- วาง PR ในห้อง Purchase ไม่ได้ค่ะ\r\n- Mail  กล่องขาเข้า แจ้งเตือน 2 Folder ค่ะ\r\n\r\nช่วยแก้ไขให้ด้วยนะคะ', '2016-09-28', '14:11:01', '2016-09-29', '09:59:30', 'Complete', ' ดำเนินการแก้ไขให้เรียบร้อยครับ      ', 'Jakkrit thipyarn (IT)', 'หากติดปัญหา หรือมีข้อสงสัยเพิ่มเติม กรุณาโทรแจ้ง 202 ฝ่าย IT');
INSERT INTO `job` VALUES (449, 'Ruji', 'Sonjaroon', 11, 427, 'ruji@fameline.com', 3, 'วาง PR สั่งนามบัตรที่โฟลเดอร์ PR ขอซื้อนามบัตรใน server ไม่ได้', '2016-09-28', '14:49:51', '2016-09-29', '09:05:30', 'Complete', 'ดำเนินการแก้ไขให้เรียบร้อยแล้วครับ     ', 'Jakkrit thipyarn (IT)', 'หากติดปัญหา หรือมีข้อสงสัยเพิ่มเติม กรุณาโทรแจ้ง 202 ฝ่าย IT');
INSERT INTO `job` VALUES (450, 'สถิตย์ภรณ์', 'เรือนดี', 14, 102, 'satitporn@fameline.com', 3, 'พี่อาร์ต อ็อดที่พานทองเร็วกว่าเวลาที่เครื่องแสกนนิ้ว 1 นาที และเร็วกว่าเวลาใน I-Phone  2 นาที', '2016-09-28', '17:09:25', '2016-10-06', '09:00:59', 'Complete', 'ดำเนินการแก้ไขให้เรียบร้อยครับ', 'Jakkrit thipyarn (IT)', 'หากติดปัญหา หรือมีข้อสงสัยเพิ่มเติม กรุณาโทรแจ้ง 202 ฝ่าย IT');
INSERT INTO `job` VALUES (451, 'nantaporn', 'komking', 15, 134, 'nantaporn@fameline.com', 1, 'สแกนเอกสารไม่ได้คะ เครื่องขึ้นว่า บัญชีไม่ถูกต้อง\r\n มี IP.ดังนี้ คะ\r\n1.47\r\n2.54 ', '2016-09-30', '08:45:22', '2016-10-05', '12:05:30', 'Complete', 'ดำเนินการแก้ไขให้เรียบร้อยครับ    ', 'Jakkrit thipyarn (IT)', 'หากติดปัญหา หรือมีข้อสงสัยเพิ่มเติม กรุณาโทรแจ้ง 202 ฝ่าย IT');
INSERT INTO `job` VALUES (452, 'จินวดี', 'อินพล', 14, 810723784, 'jinwadee@fameline.com', 4, 'ขอปริ้นเอกสารสี จำนวน 30 แผ่น', '2016-09-30', '09:06:31', '2016-09-30', '11:46:02', 'Complete', ' ดำเนินการให้เรียบร้อยแล้วครับ    ', 'Jakkrit thipyarn (IT)', 'หากติดปัญหา หรือมีข้อสงสัยเพิ่มเติม กรุณาโทรแจ้ง 202 ฝ่าย IT');
INSERT INTO `job` VALUES (453, 'จินวดี', 'อินพล', 14, 810723784, 'jinwadee@fameline.com', 1, 'Up date รายชื่อผู้ติดต่อในอีเมลล์และไลน์', '2016-09-30', '09:09:10', '2016-09-30', '14:13:19', 'Complete', ' รบกวนขอ IP เครื่อง Computer เพื่อที่จะทำการ import  ข้อมูลให้ครับ ส่วนใน Line ทาง IT ไม่มี List ลายชื่อ เก็บไว้ครับ', 'Jakkrit thipyarn (IT)', 'หากติดปัญหา หรือมีข้อสงสัยเพิ่มเติม กรุณาโทรแจ้ง 202 ฝ่าย IT');
INSERT INTO `job` VALUES (454, 'จีรศักดิ์', 'สุดลาภา', 15, 87, 'jeerasak@fameline.com', 5, 'เรียน คุณอ๊าท\r\n                   ขอ Add Mail Group Planning 4 ท่าน \r\nplanning_dept@fameline.com\r\n                             1. planning@fameline.com(คุณกมล)\r\n                                          2. phanawan@fameline.com\r\n                                          3. raveepak@fameline.com\r\n                                          4. jeerasak@fameline.com\r\nจึงเรียนมาเพื่อทราบ\r\nจีรศักดิ์  สุดลาภา\r\n', '2016-09-30', '09:48:42', '2016-09-30', '11:52:11', 'Complete', ' ดำเนินการให้เรียบร้อยแล้วครับ    ', 'Jakkrit thipyarn (IT)', 'หากติดปัญหา หรือมีข้อสงสัยเพิ่มเติม กรุณาโทรแจ้ง 202 ฝ่าย IT');
INSERT INTO `job` VALUES (455, 'เกรียงไกร', 'มิ่งมงคล', 11, 427, 'kriangkrai@fameline.com', 3, 'ขอเปิดการใช้ internet web browser ตั้งแต่ตแนนี้ จนถึง 17.00น เพื่อหาข้อมูล spec. bolt screw หลายๆยี่ห้อ เพื่อเทียบ spec ส่งลูกค้าครับ', '2016-10-03', '15:16:20', '2016-10-07', '09:25:16', 'Complete', 'จะดำเนินการเปิดให้ครับ       ', 'Jakkrit thipyarn (IT)', 'หากติดปัญหา หรือมีข้อสงสัยเพิ่มเติม กรุณาโทรแจ้ง 202 ฝ่าย IT');
INSERT INTO `job` VALUES (485, 'มณฑิชา', 'จำปาศรี', 17, 909786620, 'monticha@fameline.com', 1, '-ลงโปรแกรม Google Sketchup 2016\r\n IP192.168.2.111\r\n\r\n- ลงโปรแกรม SOLIDWORKS \r\n IP 192.168.2.37', '2016-10-19', '15:42:28', '2016-11-21', '16:44:20', 'Complete', 'ดำเนินการเรียบร้อยครับ      ', 'Jakkrit thipyarn (IT)', 'หากติดปัญหา หรือมีข้อสงสัยเพิ่มเติม กรุณาโทรแจ้ง 202 ฝ่าย IT');
INSERT INTO `job` VALUES (457, 'พรวิภา', 'จันทร์ลา', 14, 84, 'pornvipa@fameline.com', 4, 'ขอปริ้นสี  50 แผ่นคะ', '2016-10-04', '09:07:37', '2016-10-04', '12:33:14', 'Complete', ' ดำเนินการให้เรียบร้อยครับ      ', 'Jakkrit thipyarn (IT)', 'หากติดปัญหา หรือมีข้อสงสัยเพิ่มเติม กรุณาโทรแจ้ง 202 ฝ่าย IT');
INSERT INTO `job` VALUES (458, 'อาคม', 'แสงโนราช', 8, 0, 'arkhom@fameline.com', 1, 'โปรแกรม Adobe Acrobat error', '2016-10-04', '11:46:38', '2016-10-04', '12:08:12', 'Complete', 'ดำเนินการแก้ไขให้เรียบร้อยครับ', 'Jakkrit thipyarn (IT)', 'หากติดปัญหา หรือมีข้อสงสัยเพิ่มเติม กรุณาโทรแจ้ง 202 ฝ่าย IT');
INSERT INTO `job` VALUES (459, 'ฉลอง', 'ประมาณ', 13, 914106981, 'chalong@fameline.com', 3, 'ขอสิทธิ์เข้าใช้งาน ด้วยครับมีความจำเป็นที่ต้องเข้าไปวาง PR ครับ Drive \\\\win0801      ', '2016-10-04', '13:18:40', '2016-10-05', '12:01:02', 'Complete', 'ดำเนินการให้เรียบร้อยแล้วครับ', 'Jakkrit thipyarn (IT)', 'หากติดปัญหา หรือมีข้อสงสัยเพิ่มเติม กรุณาโทรแจ้ง 202 ฝ่าย IT');
INSERT INTO `job` VALUES (460, 'สถิตย์ภรณ์', 'เรือนดี', 14, 102, 'satitporn@fameline.com', 4, 'ปริ้นสี 20 แผ่นค่ะ', '2016-10-04', '16:36:17', '2016-10-05', '11:52:22', 'Complete', 'ดำเนินการให้เรียบร้อยครับ    ', 'Jakkrit thipyarn (IT)', 'หากติดปัญหา หรือมีข้อสงสัยเพิ่มเติม กรุณาโทรแจ้ง 202 ฝ่าย IT');
INSERT INTO `job` VALUES (461, 'Ruji', 'Sonjaroon', 11, 427, 'ruji@fameline.com', 3, 'เข้า server Marketing support ไม่ได้ ก่อนหน้านี้เคยเข้าได้ แก้ไขด้วยคะ', '2016-10-04', '16:42:15', '2016-10-05', '11:56:45', 'Complete', 'ดำเนินการแก้ไขให้เรียบร้อยครับ       ', 'Jakkrit thipyarn (IT)', 'หากติดปัญหา หรือมีข้อสงสัยเพิ่มเติม กรุณาโทรแจ้ง 202 ฝ่าย IT');
INSERT INTO `job` VALUES (462, 'กันตพงศ์', 'พลเสน', 16, 108, 'kantapong@fameling.com', 2, 'ขอเพิ่มหน้า Intraweb, ERP, และ ห้องวาง PR_QA  \r\nIP : 192.168.2.185', '2016-10-05', '09:05:52', '2016-10-05', '14:51:06', 'Complete', ' ดำเนินการให้เรียบร้อยครับ    ', 'Jakkrit thipyarn (IT)', 'หากติดปัญหา หรือมีข้อสงสัยเพิ่มเติม กรุณาโทรแจ้ง 202 ฝ่าย IT');
INSERT INTO `job` VALUES (463, 'จิระพงษ์', 'คงคาสวัสดิ์', 16, 108, 'jirapong@fameline.com', 1, 'เพิ่ม ERP เข้าใช้งาน\r\nIP : 192.168.2.141', '2016-10-05', '09:40:41', '2016-10-05', '11:53:28', 'Complete', 'ดำเนินการให้เรียบร้อยครับ', 'Jakkrit thipyarn (IT)', 'หากติดปัญหา หรือมีข้อสงสัยเพิ่มเติม กรุณาโทรแจ้ง 202 ฝ่าย IT');
INSERT INTO `job` VALUES (464, 'นายรวิภาส', 'ปทิต', 15, 984769997, 'raveepak@fameline.com', 4, 'เพิ่ม Printer ให้ด้วยครับ ใช้ที่ คลังสินค้าประเวศ\r\nต้องมาประจำประเวศ อาทิตย์ 3 วัน \r\n\r\n192.168.1.86', '2016-10-05', '09:59:45', '2016-10-05', '11:48:51', 'Complete', 'ดำเนินการให้เรียบร้อยแล้วครับ', 'Jakkrit thipyarn (IT)', 'หากติดปัญหา หรือมีข้อสงสัยเพิ่มเติม กรุณาโทรแจ้ง 202 ฝ่าย IT');
INSERT INTO `job` VALUES (465, 'nantaporn', 'komking', 15, 133, 'nantaporn@fameline.com', 1, 'แจ้งเปลี่ยนคีย์บอร์ด เครื่อง คุณ ขวัญเรือน(ประเวศ)เนื่องจากปุ่มกดใช้งานไม่ได้คะ', '2016-10-05', '15:11:27', '2016-10-05', '15:27:14', 'Complete', 'ดำเนินการเปลี่ยนให้เรียบร้อยครับ', 'Jakkrit thipyarn (IT)', 'หากติดปัญหา หรือมีข้อสงสัยเพิ่มเติม กรุณาโทรแจ้ง 202 ฝ่าย IT');
INSERT INTO `job` VALUES (466, 'Chuthamas', 'ChanChad', 14, 102, 'chuthamas@fameline.com', 4, 'ให้พี่ขิงใช้ปริ้นเตอร์  Kyocera ตัวไหนค่ะ ตัวที่มี FL1  หรือตัวที่ไม่มี FL1\r\n\r\nและไม่สามารถตั้งรหัสที่ Private Print ไม่ได้ค่ะ', '2016-10-06', '09:54:07', '2016-10-06', '14:18:03', 'Complete', 'ดำเนินการแก้ไขให้เรียบร้อยครับ       ', 'Jakkrit thipyarn (IT)', 'หากติดปัญหา หรือมีข้อสงสัยเพิ่มเติม กรุณาโทรแจ้ง 202 ฝ่าย IT');
INSERT INTO `job` VALUES (467, 'บุญเสริม ', 'ภู่เย็น', 16, 108, 'qc1@fameline.com', 3, 'เข้าเซิฟเวอร์กลางฝ่าย QA ไม่ได้ Win 0802 Quality control \r\nIP: 192.168.2.158', '2016-10-06', '11:23:24', '2016-10-07', '08:55:17', 'Complete', 'เปิดสิทธิ์ให้เรียบร้อยครับ       ', 'Jakkrit thipyarn (IT)', 'หากติดปัญหา หรือมีข้อสงสัยเพิ่มเติม กรุณาโทรแจ้ง 202 ฝ่าย IT');
INSERT INTO `job` VALUES (468, 'กันตพงศ์', 'พลเสน', 16, 108, 'kantapong@fameline.com', 3, 'ขอเพิ่มหน้า Intraweb, ERP และห้องวาง PR_QA\r\nIP: 192.168.2.185 ', '2016-10-06', '11:30:28', '2016-10-08', '08:46:22', 'Complete', 'ดำเนินการแก้ไขให้เรียบร้อยครับ       ', 'Jakkrit thipyarn (IT)', 'หากติดปัญหา หรือมีข้อสงสัยเพิ่มเติม กรุณาโทรแจ้ง 202 ฝ่าย IT');
INSERT INTO `job` VALUES (469, 'นางสาวยุพิน', 'คำนวนอินทร์', 2, 86, 'yupin@fameline.com', 3, 'เข้าไป search เลขที่ PO  ในห้อง PC_EXTERNAL - Purchase 2016  แต่ไม่มีเลขที่ PO โชว์ึ้นมาเลย รบกวนไอทีดูให้หน่อยนะค่ะ IP192.168.2.170', '2016-10-06', '13:30:57', '2016-10-11', '10:21:44', 'Complete', ' ดำเนินการแก้ไขให้เรียบร้อยครับ      ', 'Jakkrit thipyarn (IT)', 'หากติดปัญหา หรือมีข้อสงสัยเพิ่มเติม กรุณาโทรแจ้ง 202 ฝ่าย IT');
INSERT INTO `job` VALUES (470, 'Duentem', 'Paijaroen', 12, 100, 'duentem@fameline.com', 3, 'สัญญาณอินเตอร์เน็ตเชื่อมต่อกับโน๊ตบุ๊คเครื่อง Pun ไม่ได้ เป็นมา 2 วันแล้ว  ', '2016-10-08', '08:37:31', '2016-10-11', '10:22:00', 'Complete', 'ดำเนินการแก้ไขให้เรียบร้อยครับ    ', 'Jakkrit thipyarn (IT)', 'หากติดปัญหา หรือมีข้อสงสัยเพิ่มเติม กรุณาโทรแจ้ง 202 ฝ่าย IT');
INSERT INTO `job` VALUES (471, 'นางสาวยุพิน', 'คำนวนอินทร์', 2, 86, 'yupin@fameline.com', 3, 'wifi ไม่สามารถเชื่อมต่อกับโทรศัพท์ได้ค่ะ เบอร์0869861420  บัญชีที่พานทองนะค่ะ  รบกวนทางITช่วยตรวจสอบให้ด่วนหน่อยนะค่ะ เพราะsupplier\r\nส่งPiyinมาในไลน์ไม่สามารถเปิดดูได้', '2016-10-10', '09:52:31', '2016-10-11', '10:22:19', 'Complete', 'ดำเนินการแก้ไขให้เรียบร้อยครับ  ', 'Jakkrit thipyarn (IT)', 'หากติดปัญหา หรือมีข้อสงสัยเพิ่มเติม กรุณาโทรแจ้ง 202 ฝ่าย IT');
INSERT INTO `job` VALUES (472, 'อาคม', 'แสงโนราช', 8, 308, 'arkhom@fameline.com', 1, 'เรียน คุณเอกชัย และเจ้าหน้าที่ไอทีทุกท่าน\r\n\r\nเรื่องปลดล็อคทุกๆโฟลเดอร์ของโปรแกรม SolidWorks ในไดร์ C ตามรายชื่อผู้เข้าอบรมที่แนบมา\r\n\r\nเนื่องจากหน่วยงาน FL1, R&D,BU2 จะมีการอบบรมโปรแกรม SolidWorks Simulation\r\nในวันที่ 13-15 ต.ค. 2559 นี้ ซึ่งโปรแกรมทำการวิเคราะห์ชิ้นงานในโฟลเดอร์ดังกล่าว\r\n\r\nรายชื่อผู้เข้าอบรมมีดังนี้\r\nลำดับ	ชื่อ / นามสกุล	ตำแหน่ง	หน่วยงาน\r\n1	นายปรีดา ฌานปัญญาชน	ผู้จัดการโรงงาน	บริหาร\r\n2	นายอัยการ บัวรอด	เจ้าหน้าที่เทคนิค Team A	FL 1\r\n3	นายพรเทวา คำจันทร์	เจ้าหน้าที่เทคนิค Team A	FL 1\r\n4	นายภานุวัฒน์ กัญญาหัตถ์	หัวหน้าแผนก R&D	R&D\r\n5	นายณัฐดนัย ฐิตญาณพงศ์	จนท.ออกแบบผลิตภัณฑ์	R&D\r\n6	นายชราวุธ ผ่องใสสี	จนท.ออกแบบผลิตภัณฑ์	R&D\r\n7	นายวรวุฒิ เติมปิยกุล	Design Support	R&D\r\n8	นายณัฐพล พลทรัพย์ศิริ   	ผช.ผจก.ฝ่ายแบบ	BU 2\r\n9	นายอาคม แสงโนราช	วิศวกรเทคนิค	BU 2\r\n10	นางสาวนลพรรณ  ศุภานุสนธิ์	จนท.ออกแบบโครงการพิเศษ	BU 2\r\n11	นายกุณฑล อนะธรรมสมบัติ	สถาปนิก	BU 2\r\n12	นายนวพล  สุ่มมาตย์	Product Specialist Architect	BU 2\r\n13	นายปริวัตร  ป้องกัน	จนท.เขียนแบบ	BU 2\r\n14	นายวศิน  สังคต	จนท.เขียนแบบ	BU 2\r\n15	นางสาววิชยา  สิริทวีบุญ	จนท.เขียนแบบ	BU 2\r\n\r\n\r\nจึงเรียนมาเพื่อได้โปรดดำเนินการ\r\n\r\nขอบคุณครับ\r\nอาคม', '2016-10-10', '10:24:58', '2016-10-11', '08:54:09', 'Complete', ' รบกวนแจ้งทุกท่านตามรายชื่อ ให้นำเครื่อง มาให้ IT  \r\nIT จะดำเนินการให้ปลดล็อคให้ครับ      ', 'Jakkrit thipyarn (IT)', 'หากติดปัญหา หรือมีข้อสงสัยเพิ่มเติม กรุณาโทรแจ้ง 202 ฝ่าย IT');
INSERT INTO `job` VALUES (473, 'Charawut', 'P.', 5, 122, 'charawut@fameline.com', 3, 'ขอเปิดกล่อง เซฟเวอร์ ของจัดซื้อ\r\nกล่องสำหรับ วาง PR ของจัดซื้อ\r\n      IP : 192.168.2.146', '2016-10-10', '16:13:03', '2016-10-11', '09:14:32', 'Complete', 'ดำเนินการเปิดให้เรียบร้อยครับ อยู่ใน My computer Map drive PR R&D', 'Jakkrit thipyarn (IT)', 'หากติดปัญหา หรือมีข้อสงสัยเพิ่มเติม กรุณาโทรแจ้ง 202 ฝ่าย IT');
INSERT INTO `job` VALUES (474, 'chathima', 'Pametho', 16, 827511641, 'chanthima@fameline.com', 4, 'ขอเพิ่มปริ้นสี10 แผ่น', '2016-10-11', '09:15:24', '0000-00-00', '00:00:00', 'Complete', ' ', ' ', ' ');
INSERT INTO `job` VALUES (486, 'พรวิภา', 'จันทร์ลา', 14, 38, 'pornvipa@fameline.com', 1, 'เครื่องคอมพิวเตอร์ ของ HRM  ปริ้นไม่ออก  \r\nทุกเครื่อง', '2016-10-20', '08:30:04', '2016-10-20', '09:13:26', 'Complete', 'ดำเนินการแก้ไขให้เรียบร้อยครับ    ', 'Jakkrit thipyarn (IT)', 'หากติดปัญหา หรือมีข้อสงสัยเพิ่มเติม กรุณาโทรแจ้ง 202 ฝ่าย IT');
INSERT INTO `job` VALUES (476, 'Ruji', 'Sonjaroon', 11, 427, 'ruji@fameline.com', 3, 'เข้า server เครื่องคุณโทนี่โฟลเดอร์ดังนี้\r\n1. win0801\r\n-Customer\r\n-Marketing support\r\n-MD >>> External\r\n-Policy\r\n-Purchase >>> External\r\n-R&D >>> External\r\n-Scan\r\n-Share\r\n2. win0802\r\n-Factory one >>> External และ Internal โฟลเดอร์ ใบสั่งผลิต\r\n-Factory two >>> External\r\n-Logistic >>> External\r\n-Personal >>> External\r\n-Quality control >>> External\r\n-Share DCC\r\n-กิจกรรม 5ส\r\n-โครงการไว้ใจได้', '2016-10-11', '10:57:50', '0000-00-00', '00:00:00', 'Complete', ' ', ' ', ' ');
INSERT INTO `job` VALUES (477, 'มณฑิชา', 'จำปาศรี', 17, 909786620, 'monticha@fameline.com', 3, 'ขอสิทธิ์ เข้า Network  ห้อง Engineering ค่ะ', '2016-10-13', '09:51:18', '2016-10-13', '14:19:06', 'Complete', 'เปิดสิทธิ์ให้เรียบร้อยแล้วครับ       ', 'Jakkrit thipyarn (IT)', 'หากติดปัญหา หรือมีข้อสงสัยเพิ่มเติม กรุณาโทรแจ้ง 202 ฝ่าย IT');
INSERT INTO `job` VALUES (478, 'Supattra', 'Dorktian', 16, 108, 'dcc@fameline.com', 3, 'เนื่องจากไม่ทราบรหัสปลดล๊อคของเอกสาร PDF บางตัวทำให้ไม่สามารถปลิ้นออกมาใช้งานได้', '2016-10-13', '11:01:23', '2016-10-17', '16:52:20', 'Complete', 'ไม่ทราบว่าเป็นเอกสารตัวไหนครับ       \r\nรบกวน ขอที่อยู่ของไฟล์เอกสารนั้นด้วยครับ', 'Jakkrit thipyarn (IT)', 'หากติดปัญหา หรือมีข้อสงสัยเพิ่มเติม กรุณาโทรแจ้ง 202 ฝ่าย IT');
INSERT INTO `job` VALUES (479, 'นายณัฐกมล', 'ธรรมกันมา', 15, 130, 'planning@fameline.com', 5, 'มีพนักงานใหม่ ทำหน้าที่จ่ายงานออกของโรง1\r\nขออีเมล์\r\nfgfl1@fameline.com', '2016-10-13', '11:51:05', '2016-11-04', '08:18:52', 'Complete', 'ดำเนินการให้เรียบร้อยแล้วครับ    \r\n Email - sunanta.p@fameline.com     ', 'Jakkrit thipyarn (IT)', 'หากติดปัญหา หรือมีข้อสงสัยเพิ่มเติม กรุณาโทรแจ้ง 202 ฝ่าย IT');
INSERT INTO `job` VALUES (480, 'นายณัฐกมล', 'ธรรมกันมา', 15, 130, 'planning@fameline.com', 2, 'มีพนักงานใหม่ขอ user ใหม่ครับ\r\nชื่อ sunanta ครับ ทำหน้าที่ปล่อยงานโรง 1', '2016-10-13', '11:52:27', '2016-10-29', '08:58:48', 'Complete', 'ดำเนินการให้เรียบร้อยครับ     \r\n', 'Jakkrit thipyarn (IT)', 'หากติดปัญหา หรือมีข้อสงสัยเพิ่มเติม กรุณาโทรแจ้ง 202 ฝ่าย IT');
INSERT INTO `job` VALUES (481, 'Ruji', 'Sonjaroon', 11, 427, 'ruji@fameline.com', 5, 'ช่วยเพิ่มอีเมล์ให้ทางสาขาที่อินเดีย 2 อีเมล์ดังนี้\r\n1. Kolkata@fameline.com\r\n2. pune@fameline.com', '2016-10-15', '09:29:44', '2016-10-20', '09:14:05', 'Complete', 'ดำเนินการเพิ่มอีเมล์ให้เรียบร้อยแล้วครับ       ', 'Jakkrit thipyarn (IT)', 'หากติดปัญหา หรือมีข้อสงสัยเพิ่มเติม กรุณาโทรแจ้ง 202 ฝ่าย IT');
INSERT INTO `job` VALUES (482, 'นายรวิภาส', 'ปทิต', 15, 984769997, 'raveepak@fameline.com', 3, 'ขอเข้าใช้ระบบติดตามรถ GPS ครับ\r\n', '2016-10-17', '16:48:48', '2016-11-03', '16:20:40', 'Complete', ' ดำเนินการให้เรียบร้อยแล้วครับ      ', 'Jakkrit thipyarn (IT)', 'หากติดปัญหา หรือมีข้อสงสัยเพิ่มเติม กรุณาโทรแจ้ง 202 ฝ่าย IT');
INSERT INTO `job` VALUES (483, 'กตัญญุตา', 'ศิริคำ', 11, 427, 'katanyuta@fameline.com', 3, 'เข้าห้อง sale support ใน server ไม่ได้ค่า รบกวนแก้ไขให้หน่อยค่า ', '2016-10-18', '10:13:31', '2016-10-25', '08:45:46', 'Complete', 'ดำเนินการแก้ไขให้เรียบร้อยครับ', 'Jakkrit thipyarn (IT)', 'หากติดปัญหา หรือมีข้อสงสัยเพิ่มเติม กรุณาโทรแจ้ง 202 ฝ่าย IT');
INSERT INTO `job` VALUES (484, 'sorawuth', 'thaichaiyont', 1, 322, 'sorawuth@fameline.com', 1, '1.Google Drive ใช้งานไม่ได้\r\n2.ต้องการโปรแกรม FastStone Screen Capture', '2016-10-19', '11:58:43', '2016-10-19', '13:50:41', 'Complete', 'ดำเนินการให้เรียบร้อยครับ', 'Jakkrit thipyarn (IT)', 'หากติดปัญหา หรือมีข้อสงสัยเพิ่มเติม กรุณาโทรแจ้ง 202 ฝ่าย IT');
INSERT INTO `job` VALUES (487, 'สถิตย์ภรณ์', 'เรือนดี', 14, 102, 'satitporn@fameline.com', 4, 'ปริ้นเอกสารไม่ได้ 192.168.2.56', '2016-10-20', '09:07:50', '2016-10-20', '09:13:08', 'Complete', 'ดำเนินการแก้ไขให้เรียบร้อยครับ', 'Jakkrit thipyarn (IT)', 'หากติดปัญหา หรือมีข้อสงสัยเพิ่มเติม กรุณาโทรแจ้ง 202 ฝ่าย IT');
INSERT INTO `job` VALUES (488, 'sorawuth', 'thaichaiyont', 1, 322, 'sorawuth@fameline.com', 4, 'Cant print', '2016-10-20', '09:50:54', '2016-10-20', '11:11:40', 'Complete', ' ดำเนินการแก้ไขให้เรียบร้อยครับ      ', 'Jakkrit thipyarn (IT)', 'หากติดปัญหา หรือมีข้อสงสัยเพิ่มเติม กรุณาโทรแจ้ง 202 ฝ่าย IT');
INSERT INTO `job` VALUES (489, 'คุณนันทศิลป์', 'ศิริโยธา', 2, 420, 'yuttanee@fameline.com', 3, 'รบกวนขอ E-mail  ใหม่เนื่องจากพนักงานผ่านทดลองงานแล้ว\r\nแต่ยังใช้ ของพนักงานเก่าที่ลาออก อยู่ เคยแจ้งเรื่องไปแล้วค่ะ', '2016-10-20', '14:27:37', '2016-11-03', '10:23:35', 'Complete', 'ดำเนินการให้เรียบร้อยแล้วครับ\r\n  nuntasin@fameline.com   ', 'Jakkrit thipyarn (IT)', 'หากติดปัญหา หรือมีข้อสงสัยเพิ่มเติม กรุณาโทรแจ้ง 202 ฝ่าย IT');
INSERT INTO `job` VALUES (490, 'Tony', 'Suppakitudomkarn', 11, 429, 'tony@fameline.com', 3, 'ไม่สามารถเข้า Marketing Support ใน Server ได้ ต้องการเข้าไปหารูป Project เพื่อส่งต่อให้ลูกค้า แต่สามารถเข้าได้แค่ของ Export เท่านั้น รบกวนฝ่าย IT ช่วยดูให้ด้วยครับ ขอแค่มาตรฐานทั่วๆไปที่สามารถเข้าได้ ก็ได้ครับ ไม่ขอสิทธิพิเศษใดๆ ขอบคุณครับ', '2016-10-25', '12:22:51', '2016-10-25', '16:52:32', 'Complete', 'เปิดสิทธิ์ให้เรียบร้อยครับ       ', 'Jakkrit thipyarn (IT)', 'หากติดปัญหา หรือมีข้อสงสัยเพิ่มเติม กรุณาโทรแจ้ง 202 ฝ่าย IT');
INSERT INTO `job` VALUES (491, 'Pornsuda', 'Limprapan', 14, 38, 'pornsuda.l@fameline.com', 3, 'ไม่สามารถเปิดไฟล์ PDF ในระบบ HRM ได้คะ', '2016-10-25', '16:18:49', '2016-10-27', '08:27:44', 'Complete', 'ดำเนินการแก้ไขให้เรียบร้อยครับ    ', 'Jakkrit thipyarn (IT)', 'หากติดปัญหา หรือมีข้อสงสัยเพิ่มเติม กรุณาโทรแจ้ง 202 ฝ่าย IT');
INSERT INTO `job` VALUES (492, 'Natdanai', 'Titayannapong', 5, 303, 'natdanai@fameline.com', 4, 'รบกวนลงไดร์เวอร์ Printer 4/1 ครับ', '2016-10-27', '14:59:26', '2016-10-27', '15:32:51', 'Complete', ' ดำเนินการให้เรียบร้อยครับ      ', 'Jakkrit thipyarn (IT)', 'หากติดปัญหา หรือมีข้อสงสัยเพิ่มเติม กรุณาโทรแจ้ง 202 ฝ่าย IT');
INSERT INTO `job` VALUES (493, 'พรเทวา', 'คำจันทร์', 12, 120, 'pornthewa@fameline.com', 1, 'จอไม่ติด เขียนโปรแกรมสำหรับ Punch ไม่ได้', '2016-10-28', '09:27:04', '2016-11-01', '10:47:23', 'Complete', 'เรียนคุณ พรเทวา\r\nในเบื้องต้นลองรบกวนใช้งานไปก่อนครับ หากเกิดปัญหาจอไม่ติดหรือยังมีปัญหา รบกวนแจ้งทาง IT  ทาง IT จะดำเนินการเปลี่ยนจอให้ใหม่ครับ\r\n      ', 'Jakkrit thipyarn (IT)', 'หากติดปัญหา หรือมีข้อสงสัยเพิ่มเติม กรุณาโทรแจ้ง 202 ฝ่าย IT');
INSERT INTO `job` VALUES (494, 'จินวดี', 'อินพล', 14, 810723784, 'jinwadee@hotmail.com', 4, 'ขอปริ้นเอกสารสี 30 แผ่น ', '2016-10-29', '08:42:26', '2016-10-29', '08:53:40', 'Complete', 'ดำเนินการให้เรียบร้อยแล้วครับ       ', 'Jakkrit thipyarn (IT)', 'หากติดปัญหา หรือมีข้อสงสัยเพิ่มเติม กรุณาโทรแจ้ง 202 ฝ่าย IT');
INSERT INTO `job` VALUES (495, 'นางสาวยุพิน', 'คำนวนอินทร์', 2, 86, 'yupin@fameline.com', 3, 'Search ข้อมูลหาเลขที่ PO ในห้อง PC_EXTRENAL (\\\\WIN0801\\PURCHASE)  กว่าจะโชว์ข้อมูลเลขที่ PO ช้ามาก รบกวนฝ่าย IT ตรวจสอบให้ด้วยนะค่ะ IP 192.168.2.61', '2016-10-31', '09:01:16', '2016-11-04', '08:41:08', 'Complete', 'จะทำการตรวจสอบให้ครับ ตาม IP ที่แจ้งมา', 'Jakkrit thipyarn (IT)', 'หากติดปัญหา หรือมีข้อสงสัยเพิ่มเติม กรุณาโทรแจ้ง 202 ฝ่าย IT');
INSERT INTO `job` VALUES (496, 'บงกชธร', 'เติมปิยกุล', 7, 433, 'bongkotchathorn@fameline.com', 5, 'แจ้งใช้ E-MAIL  ที่เครื่อง PC  MAIL เดิมเป็น name tanita(ลาออกไปแล้ว)', '2016-10-31', '09:58:41', '2016-11-05', '10:52:45', 'Complete', 'เรียนคุณ บงกชธร\r\nในกรณีเป็นพนักงานใหม่ ที่มาแทนตำแหน่งเดิม จะให้ใช้ Email เดิมก่อน 20 วัน หากครบตามกำหนดแล้ว ขอให้แจ้งไปทาง ฝ่าย HR เพื่อส่งเรื่องให้ฝ่าย IT สร้าง E-MAIL  IT ถึงจะดำเนินการสร้าง Email ให้ครับ                  ', 'Jakkrit thipyarn (IT)', 'หากติดปัญหา หรือมีข้อสงสัยเพิ่มเติม กรุณาโทรแจ้ง 202 ฝ่าย IT');
INSERT INTO `job` VALUES (497, 'นายณัฐกมล', 'ธรรมกันมา', 15, 130, 'planning@fameline.com', 4, 'printer เครื่องของ WH กระดาษติดเสมอ เอกสารกว่าจะได้แต่ละแผ่นต้องแกะรื้อทุกครั้งไป', '2016-10-31', '14:03:39', '2016-11-03', '15:56:26', 'Complete', 'IT จะเร่งดำเนินการแก้ไขให้ครับ ในเบื้องตอนนี้อยู่อยู่ในขั้นตอนดำเนินการให้ supplier ให้เข้าไปเช็คเครื่องให้ครับ             ', 'Jakkrit thipyarn (IT)', 'หากติดปัญหา หรือมีข้อสงสัยเพิ่มเติม กรุณาโทรแจ้ง 202 ฝ่าย IT');
INSERT INTO `job` VALUES (498, 'นายณัฐกมล', 'ธรรมกันมา', 15, 130, 'planning@fameline.com', 3, 'ไม่สามาระเข้าไปที่ sharedrive ของจัดซื้อได้\r\n(\\\\win08xxx) เดิมเคยเข้าไปดูได้แบบ read only ครับ', '2016-10-31', '14:06:20', '2016-11-02', '13:41:25', 'Complete', 'ดำเนินการเปิดสิทธิ์ให้เรียบร้อยครับ       ', 'Jakkrit thipyarn (IT)', 'หากติดปัญหา หรือมีข้อสงสัยเพิ่มเติม กรุณาโทรแจ้ง 202 ฝ่าย IT');
INSERT INTO `job` VALUES (499, 'นายณัฐกมล', 'ธรรมกันมา', 15, 130, 'planning@fameline.com', 1, 'ืnotebook ที่คุณรวิภาส (พี่ชอบ) ใช้งานอยู่\r\nไม่ได้ลง driver การ์ดจอไว้\r\nทำให้ต่อ multi monitor ได้ครับ', '2016-10-31', '14:07:54', '2016-11-02', '13:35:44', 'Complete', 'ดำเนินการแก้ไขให้เรียบร้อยแล้วครับ', 'Jakkrit thipyarn (IT)', 'หากติดปัญหา หรือมีข้อสงสัยเพิ่มเติม กรุณาโทรแจ้ง 202 ฝ่าย IT');
INSERT INTO `job` VALUES (500, 'Chuthamas', 'ChanChad', 14, 102, 'chuthamas@fameline.com', 5, 'รบกวนปรึกษา  1. ขิงอยากได้กลุ่ม Email ที่เป็นกลุ่ม Admin เอาไว้ติดต่อและแจ้งปัญหาเกี่ยวกับค่าจ้าง  2. ช่วย Up date Email ใน Outlookให้ด้วยค่ะ \r\n                                           ขอบคุณค่ะ\r\n                                               ', '2016-11-01', '08:27:09', '0000-00-00', '00:00:00', 'Complete', ' ', ' ', ' ');
INSERT INTO `job` VALUES (501, 'นายณัฐกมล', 'ธรรมกันมา', 15, 135, 'planning@fameline.com', 4, 'ต้องการให้ลง driver printer เครื่อง EPSON LQ 310 ให้ notebook ของวางแผน ดังต่อไปนี้\r\nกมล IP 192.168.2.81\r\nคุณแมว IP 192.168.2.166\r\nพี่ชอบ IP 192.168.2.98 \r\nครับ ขอบคุณมาก', '2016-11-02', '11:36:19', '2016-11-04', '09:57:34', 'Complete', 'จะเร่งดำเนินการลง driver ให้ครับ       ', 'Jakkrit thipyarn (IT)', 'หากติดปัญหา หรือมีข้อสงสัยเพิ่มเติม กรุณาโทรแจ้ง 202 ฝ่าย IT');
INSERT INTO `job` VALUES (502, 'Ruji', 'Sonjaroon', 11, 427, 'ruji@fameline.com', 5, 'ช่วยเพิ่มอีเมล์ให้สาขาของเฟมไลน์ อินเดีย 1 อีเมล์\r\nAccounts@fameline.com', '2016-11-03', '17:14:28', '2016-11-04', '09:54:42', 'Complete', 'ดำเนินการเพิ่ม email ให้เรียบร้อยแล้วครับ\r\nemail     accounts@fameline.com\r\n', 'Jakkrit thipyarn (IT)', 'หากติดปัญหา หรือมีข้อสงสัยเพิ่มเติม กรุณาโทรแจ้ง 202 ฝ่าย IT');
INSERT INTO `job` VALUES (503, 'จันทรวิมล ', 'คำเติม', 13, 124, '-', 5, 'จันทรวิมล  คำเติม\r\nJantaravimol  Kamteam\r\nตำแหน่ง Admin FL2\r\n\r\n1. ขอสร้าง User ใช้งานคอมพิวเตอร์สำหรับ Admin FL2\r\n2. ขอสร้าง E-mail \r\n3. ขอสิทธิ์ใช้ฟอเดอร์กลาง \\\\win0801\\PURCHASE\\PC_EXTERNAL\\PR\\PR_F2 และ \\\\win0802\\FACTORY_TWO\\FP_INTERNAL\r\n4. ขอลายเซ็นต์ PDF จะส่งรูปไปทาง E-mail IT-Center    \r\n5. ขอรหัสเข้าใช้ ERP สำหรับ Admin Production FL2  ', '2016-11-04', '08:31:00', '2016-11-25', '09:57:42', 'Complete', 'ดำเนินการ setting ให้เรียบร้อยแล้วครับ     ', 'Jakkrit thipyarn (IT)', 'หากติดปัญหา หรือมีข้อสงสัยเพิ่มเติม กรุณาโทรแจ้ง 202 ฝ่าย IT');
INSERT INTO `job` VALUES (504, 'สถิตย์ภรณ์', 'เรือนดี', 14, 102, 'satitporn@fameline.com', 4, 'ขอปริ้นสี 20 แผ่น', '2016-11-04', '11:20:57', '2016-11-04', '13:35:46', 'Complete', 'เพิ่มสีให้เรียบร้อยแล้วครับ  ', 'Jakkrit thipyarn (IT)', 'หากติดปัญหา หรือมีข้อสงสัยเพิ่มเติม กรุณาโทรแจ้ง 202 ฝ่าย IT');
INSERT INTO `job` VALUES (505, 'สุนันทา', 'ประเสริฐศรี', 15, 841377383, 'sunanta.p@fameline.com', 2, 'ระบบ ERP เข้าใช้งานไม่ได้ค่ะ \r\nIP:192.168.2.22\r\nช่วยแก้ไขให้ทีค่ะ ขอบคุณค่ะ', '2016-11-05', '09:36:22', '2016-11-05', '14:47:05', 'Complete', 'ดำเนินการแก้ไขให้เรียบร้อยครับ', 'Jakkrit thipyarn (IT)', 'หากติดปัญหา หรือมีข้อสงสัยเพิ่มเติม กรุณาโทรแจ้ง 202 ฝ่าย IT');
INSERT INTO `job` VALUES (506, 'นางสาวยุพิน', 'คำนวนอินทร์', 2, 86, 'yupin@gmail.com', 2, 'ERP ใช้งานไม่ได้ค่ะ รบกวน IT ช่วยดูให้ด้วยนะค่ะ  IP192.168.2.185', '2016-11-07', '08:42:49', '2016-11-07', '08:57:15', 'Complete', 'ดำเนินการแก้ไขให้เรียบร้อยครับ       ', 'Jakkrit thipyarn (IT)', 'หากติดปัญหา หรือมีข้อสงสัยเพิ่มเติม กรุณาโทรแจ้ง 202 ฝ่าย IT');
INSERT INTO `job` VALUES (507, 'Ruji', 'Sonjaroon', 11, 427, 'ruji@fameline.com', 1, 'ขอปลั๊ก 3 ตา แทนตัวเก่าของเครื่องพี่โทนี่', '2016-11-08', '13:38:43', '2016-11-08', '14:18:54', 'Complete', 'ดำเนินการให้เรียบร้อยครับ       ', 'Jakkrit thipyarn (IT)', 'หากติดปัญหา หรือมีข้อสงสัยเพิ่มเติม กรุณาโทรแจ้ง 202 ฝ่าย IT');
INSERT INTO `job` VALUES (508, 'เกรียงไกร', 'มิ่งมงคล', 11, 890224409, 'kriangkrai@fameline.com', 5, 'ผมไม่ได้รับอีเมลล์ All User หรือข่าวสารที่เกี่ยวข้องกับ fameline แก้ไขให้ที', '2016-11-08', '17:01:12', '2016-11-11', '11:27:42', 'Complete', 'ดำเนินการแก้ไขให้เรียบร้อยครับ       ', 'Jakkrit thipyarn (IT)', 'หากติดปัญหา หรือมีข้อสงสัยเพิ่มเติม กรุณาโทรแจ้ง 202 ฝ่าย IT');
INSERT INTO `job` VALUES (509, 'จักรพันธ์', 'ไชยนุรักษ์', 5, 122, 'chakkraphan@fameline.com', 3, 'ขอ@เข้าห้อง network R&D ด้วยครับ ขอบคุณครับ', '2016-11-10', '10:10:39', '2016-11-11', '11:20:13', 'Complete', 'เรียนคุณ จักรพันธ์\r\nรบกวน ขอ IP เครื่องด้วยครับ IT จะเข้าไป Map drive ให้ครับ      ', 'Jakkrit thipyarn (IT)', 'หากติดปัญหา หรือมีข้อสงสัยเพิ่มเติม กรุณาโทรแจ้ง 202 ฝ่าย IT');
INSERT INTO `job` VALUES (510, 'vudhichai', 'boonjuea', 8, 314, 'vudhichai@fameline.com', 1, 'Hard disk fail back up file complete ,Please repair\r\nurgent not exceed  3 day.', '2016-11-10', '16:58:50', '2016-11-19', '09:13:13', 'Complete', 'ดำเนินการแก้ไขให้เรียบร้อยแล้วครับ', 'akachai@fameline.com (ART IT)', ' หากมีปัญหาเพิ่มเติมติดต่อฝ่าย IT ได้ทันทีครับ');
INSERT INTO `job` VALUES (511, 'Chuthamas', 'ChanChad', 14, 102, 'chuthamas@fameline.com', 3, 'ดึงเวลาจากเครื่องแสกนนิ้วไม่ได้ค่ะ', '2016-11-11', '10:48:18', '2016-11-11', '11:31:24', 'Complete', 'ดำเนินการแก้ไขให้เรียบร้อยครับ    ', 'Jakkrit thipyarn (IT)', 'หากติดปัญหา หรือมีข้อสงสัยเพิ่มเติม กรุณาโทรแจ้ง 202 ฝ่าย IT');
INSERT INTO `job` VALUES (512, 'ศุภชัย', 'ศรีบุญลาด', 12, 879709066, 'supachai@fameline.com', 5, 'ดูข้อมูลของฝ่ายบุคคลที่ส่งประวัติมาทางเมล มีคนมาสมัครงานไม่ได้', '2016-11-11', '11:05:14', '2016-11-12', '13:24:50', 'Complete', 'ในเบื้องต้น จะผสานงานแจ้งกับทางฝ่ายบุคคลให้ครับ แล้วจะแจ้งกลับไปครับ ', 'Jakkrit thipyarn (IT)', 'หากติดปัญหา หรือมีข้อสงสัยเพิ่มเติม กรุณาโทรแจ้ง 202 ฝ่าย IT');
INSERT INTO `job` VALUES (513, 'มณฑิชา', 'จำปาศรี', 17, 909786620, 'monticha@fameline.com', 1, 'ขอเปลี่ยนพาสเวิร์ด Log in Notebook\r\nเครื่อง ผช.ผจก.ฝ่ายวิศวกรรมค่ะ', '2016-11-14', '14:23:32', '2016-11-14', '16:57:56', 'Complete', ' ดำเนินการแก้ไขให้เรียบร้อยครับ      ', 'Jakkrit thipyarn (IT)', 'หากติดปัญหา หรือมีข้อสงสัยเพิ่มเติม กรุณาโทรแจ้ง 202 ฝ่าย IT');
INSERT INTO `job` VALUES (514, 'มณฑิชา', 'จำปาศรี', 17, 909786620, 'monticha@hotmail.com', 3, 'ขอสิทธิ์เข้า Server \r\nห้อง Engineering ค่ะ\r\n192.168.2.151', '2016-11-15', '09:52:50', '2016-11-15', '10:56:25', 'Complete', 'ดำเนินการเปิดสิทธิ์ให้เรียบร้อยแล้วครับ            ', 'Jakkrit thipyarn (IT)', 'หากติดปัญหา หรือมีข้อสงสัยเพิ่มเติม กรุณาโทรแจ้ง 202 ฝ่าย IT');
INSERT INTO `job` VALUES (515, 'สถิตย์ภรณ์', 'เรือนดี', 14, 102, 'satitporn@fameline.com', 4, 'ขอปริ้นสี 20 แผ่น', '2016-11-15', '11:54:33', '2016-11-15', '12:22:20', 'Complete', ' ดำเนินการให้เรียบร้อยแล้วครับ            ', 'Jakkrit thipyarn (IT)', 'หากติดปัญหา หรือมีข้อสงสัยเพิ่มเติม กรุณาโทรแจ้ง 202 ฝ่าย IT');
INSERT INTO `job` VALUES (516, 'พรเทวา', 'คำจันทร์', 12, 120, 'pornthewa@fameline.com', 1, 'เม้าส์เสีย \r\nคอมพิวเตอร์ (PC)สำหรับเขียนโปรแกรมPunch', '2016-11-16', '09:19:48', '2016-11-17', '08:18:34', 'Complete', 'ทาง IT จะดำเนินการส่ง เม้าส์ใหม่ไปให้ครับ       ', 'Jakkrit thipyarn (IT)', 'หากติดปัญหา หรือมีข้อสงสัยเพิ่มเติม กรุณาโทรแจ้ง 202 ฝ่าย IT');
INSERT INTO `job` VALUES (517, 'มณฑิชา', 'จำปาศรี', 17, 909786620, 'monticha@fameline.com', 1, 'เนื่องจากมีการติดตั้ง Power Meter  ที่โรงงาน 2\r\nและต้องมีการลง Software \r\nกำหนดเวลาลงโปรแกรม 13.30 น. \r\nรบกวนฝ่าย IT ช่วยรีโมทเพื่อทำการติดตั้งSoftware ให้ด้วยค่ะ\r\n192.168.2.39\r\n( คอมฯ Line Coating )\r\n', '2016-11-17', '11:38:14', '2016-11-18', '16:23:53', 'Complete', 'ดำเนินการติดตั้งให้เรียบร้อยแล้วครับ', 'Jakkrit thipyarn (IT)', 'หากติดปัญหา หรือมีข้อสงสัยเพิ่มเติม กรุณาโทรแจ้ง 202 ฝ่าย IT');
INSERT INTO `job` VALUES (518, 'Supattra', 'Dorktian', 16, 108, 'dcc@fameline.com', 1, 'คอมพิวเตอร์ ของแผนก QA/QC (qc4@famemline.com)\r\nเปิดเครื่องไม่ติด ', '2016-11-18', '15:53:09', '2016-11-25', '09:58:47', 'Complete', 'ดำเนินการแก้ไขให้เรียบร้อยแล้วครับ        ', 'Jakkrit thipyarn (IT)', 'หากติดปัญหา หรือมีข้อสงสัยเพิ่มเติม กรุณาโทรแจ้ง 202 ฝ่าย IT');
INSERT INTO `job` VALUES (526, 'Sirichai', 'Kordcunta', 12, 899388528, 'sirichai@fameline.com', 1, 'แจ้งช่วย  โหลด "Analysis ToolPak" ของ โปรแกรม Excel เพื่อใช้งาน วิเคราะห์ข้อมูล ครับ.\r\n \r\n\r\n\r\nขอบคุณครับ', '2016-11-25', '11:43:53', '2016-11-26', '08:23:44', 'Complete', 'ดำเนินการติดตั้งให้เรียบร้อยครับ', 'Jakkrit thipyarn (IT)', 'หากติดปัญหา หรือมีข้อสงสัยเพิ่มเติม กรุณาโทรแจ้ง 202 ฝ่าย IT');
INSERT INTO `job` VALUES (519, 'บงกชธร', 'เติมปิยกุล', 7, 433, 'TANITA@FAMELINE.COM', 1, 'ปลั๊กพ่วงเสีย', '2016-11-19', '15:06:12', '2016-11-21', '08:32:24', 'Complete', ' ดำเนินการเปลี่ยนให้เรียบร้อยแล้วครับ     ', 'Jakkrit thipyarn (IT)', 'หากติดปัญหา หรือมีข้อสงสัยเพิ่มเติม กรุณาโทรแจ้ง 202 ฝ่าย IT');
INSERT INTO `job` VALUES (520, 'มณฑิชา', 'จำปาศรี', 17, 800063680, 'monticha@fameline.com', 1, 'แจ้งขอทำลายเซ็น ผช.ผจก.ฝ่ายวิศวกรรมค่ะ', '2016-11-21', '10:20:36', '2016-11-22', '08:18:20', 'Complete', ' ดำเนินการทำให้เรียบร้อยครับ      ', 'Jakkrit thipyarn (IT)', 'หากติดปัญหา หรือมีข้อสงสัยเพิ่มเติม กรุณาโทรแจ้ง 202 ฝ่าย IT');
INSERT INTO `job` VALUES (521, 'Chuthamas', 'ChanChad', 14, 102, 'chuthamas@fameline.com', 3, 'เสียงกริ่งเร็วกว่าเวลา 1 นาทีคะ', '2016-11-22', '08:28:23', '2016-11-22', '11:19:13', 'Complete', ' ดำเนินการแก้ไขให้เรียบร้อยแล้วครับ      ', 'Jakkrit thipyarn (IT)', 'หากติดปัญหา หรือมีข้อสงสัยเพิ่มเติม กรุณาโทรแจ้ง 202 ฝ่าย IT');
INSERT INTO `job` VALUES (522, 'สถิตย์ภรณ์', 'เรือนดี', 14, 102, 'satitporn@fameline.com', 4, 'ปริ้นสี 30 แผ่น', '2016-11-22', '13:11:57', '2016-11-22', '16:53:42', 'Complete', ' ดำเนินการเพิ่มให้เรียบร้อยครับ      ', 'Jakkrit thipyarn (IT)', 'หากติดปัญหา หรือมีข้อสงสัยเพิ่มเติม กรุณาโทรแจ้ง 202 ฝ่าย IT');
INSERT INTO `job` VALUES (523, 'โสภิตา', 'ไฝต๊ะ', 15, 85, 'sophita@fameline.com', 3, 'ไม่สามารถวางไฟล์ใบสั่งซื้อลงใน WIN 802 ห้อง  LOGISTIC ได้ค่ะ', '2016-11-23', '13:47:49', '2016-11-24', '15:11:31', 'Complete', 'เปิดสิทธิ์ให้เรียบร้อยครับ      ', 'Jakkrit thipyarn (IT)', 'หากติดปัญหา หรือมีข้อสงสัยเพิ่มเติม กรุณาโทรแจ้ง 202 ฝ่าย IT');
INSERT INTO `job` VALUES (524, 'โสภิตา', 'ไฝต๊ะ', 15, 85, 'sophita@fameline.com', 2, 'ต้องการให้เพิ่มสิทธิ์ให้พนักงาน 2 ท่านเข้าระบบ ERP ดังนี้\r\n1.ขวัญเรือน  ภู่ระหงษ์ (\r\nkwanreun)ให้เปิดสิทธิ์การใช้งานเท่ากับคุณ โสภิดา  คนิตานนท์  \r\n\r\n', '2016-11-23', '15:31:58', '2016-11-26', '09:56:34', 'Complete', 'ดำเนินการเปิดสิทธิ์ให้เรียบร้อยครับ', 'Jakkrit thipyarn (IT)', 'หากติดปัญหา หรือมีข้อสงสัยเพิ่มเติม กรุณาโทรแจ้ง 202 ฝ่าย IT');
INSERT INTO `job` VALUES (525, 'โสภิตา', 'ไฝต๊ะ', 15, 85, 'sophita@fameline.com', 2, 'ขอเปิดสิทธ์ให้พนักงานสามารถใช้งานระบบ ERPได้ 2 ท่าน\r\n 1.ขวัญเรือน  ภู่ระหงษ์/\r\n      USER ID:kwanruenn\r\n      PASSWORD:10114\r\n 2.อุษณิษา  สุวะศรี\r\n      USER ID:autsanisa\r\n      PASSWORD:10105', '2016-11-23', '15:41:59', '2016-11-26', '09:56:16', 'Complete', 'ดำเนินการให้เรียบร้อยครับ       ', 'Jakkrit thipyarn (IT)', 'หากติดปัญหา หรือมีข้อสงสัยเพิ่มเติม กรุณาโทรแจ้ง 202 ฝ่าย IT');
INSERT INTO `job` VALUES (527, 'มนัชยา', 'ลับเนตร', 7, 434, 'ratsarin@fameline.com', 5, 'ขอ E-mail. ใหม่ให้กับพนักงานชื่อ\r\nSUPHATTRA PHONOK\r\nน.ส.สุพัตรา  โพธิ์นอก\r\n099-1819292\r\nตำแหน่ง Sale Executive\r\nBU1 ขายตจว.\r\nและ add ข้อมูลในระบบ ERP ให้ด้วยค่ะ', '2016-11-26', '12:34:55', '2016-11-28', '09:20:04', 'Complete', 'ดำเนินการ Add Email & ข้อมูล ให้เรียบร้อยครับ       ', 'Jakkrit thipyarn (IT)', 'หากติดปัญหา หรือมีข้อสงสัยเพิ่มเติม กรุณาโทรแจ้ง 202 ฝ่าย IT');
INSERT INTO `job` VALUES (528, 'สถิตย์ภรณ์', 'เรือนดี', 14, 102, 'satitporn@fameline.com', 4, 'ปริ้นสี 30 แผ่น', '2016-11-29', '09:07:22', '2016-11-29', '09:14:06', 'Complete', ' ดำเนินการให้เรียบร้อยครับ    ', 'Jakkrit thipyarn (IT)', 'หากติดปัญหา หรือมีข้อสงสัยเพิ่มเติม กรุณาโทรแจ้ง 202 ฝ่าย IT');
INSERT INTO `job` VALUES (529, 'Uraiwan', 'Jareerat', 8, 311, 'uraiwan@fameline.com ', 1, 'ไม่สามารถแนบไฟล์งานส่ง Email ได้, ไม่สามารถปริ้นงานได้ IP.55', '2016-11-29', '09:55:55', '2016-11-29', '14:17:20', 'Complete', 'ดำเนินการแก้ไขให้่เรียบร้อยครับ       ', 'Jakkrit thipyarn (IT)', 'หากติดปัญหา หรือมีข้อสงสัยเพิ่มเติม กรุณาโทรแจ้ง 202 ฝ่าย IT');
INSERT INTO `job` VALUES (530, 'สถิตย์ภรณ์   ', 'เรือนดี', 14, 102, 'satitporn@fameline.com', 3, 'แจ้งเครื่องคอมฯเข้าใช้งานไม่ได้  ด่วนค่ะ', '2016-11-29', '19:41:28', '2016-11-30', '09:51:20', 'Complete', 'ดำเนินการแก้ไขให้เรียบร้อยครับ       ', 'Jakkrit thipyarn (IT)', 'หากติดปัญหา หรือมีข้อสงสัยเพิ่มเติม กรุณาโทรแจ้ง 202 ฝ่าย IT');
INSERT INTO `job` VALUES (531, 'บุษบง', 'ฉัตรโอฬารกุล', 8, 316, 'boodsabong@fameline.com', 1, 'ประมวลผลช้ามากกกก  ได้ re-start หลายครั้งแล้วก็ยังไม่ดีขึ้น', '2016-11-30', '09:06:58', '2016-11-30', '11:22:25', 'Complete', 'ดำเนินการแก้ไขให้เรียบร้อยครับ       ', 'Jakkrit thipyarn (IT)', 'หากติดปัญหา หรือมีข้อสงสัยเพิ่มเติม กรุณาโทรแจ้ง 202 ฝ่าย IT');
INSERT INTO `job` VALUES (532, 'จักรพันธ์', 'ไชยนุรักษ์', 5, 122, 'chakkraphan@fameline.com', 3, 'ขอรบกวนทาง IT ลง Google Chrome  ให้หน่อยครับ    IP เครื่อง 192.168.2.36 ขอบคุณครับ', '2016-11-30', '09:08:29', '2016-11-30', '09:46:05', 'Complete', 'ดำเนินการลงให้เรียบร้อยครับ    ', 'Jakkrit thipyarn (IT)', 'หากติดปัญหา หรือมีข้อสงสัยเพิ่มเติม กรุณาโทรแจ้ง 202 ฝ่าย IT');
INSERT INTO `job` VALUES (533, 'วรวุฒิ', 'เติมปิยกุล', 5, 989693775, 'vorawut@fameline.com', 1, '- คอมพิวเตอร์ดับเองบ่อยๆ บางทียังไม่ทัน save งานก็ดับเองแบบชนิดที่ว่าไม่สามารถเปิดขึ้นใหม่ได้เลย นอกเสียจากต้องถอดแบตเตอรรี่แล้วใส่ใหม่ ถึงจะเปิดเครื่องได้ และมีอาการที่ว่าสะกิดหรือแตะเครื่องแรง พอมีแรงกระแทกนิดนึงก็ดับ รู้สึกว่าบอบบางมากไม่ทนต่อการใช้งานเลย\r\n- ชื่อใน Outlook สะกดชื่อผิด แก้ไขให้ทีครับ "vorawut"', '2016-11-30', '09:19:22', '2017-01-07', '10:00:09', 'Complete', ' จะเร่งดำเนินการแก้ไข ให้ครับ ', 'JAKKRIT THIPYARN (IT)', 'หากติดปัญหา หรือมีข้อสงสัยเพิ่มเติม กรุณาโทรแจ้ง 202 ฝ่าย IT');
INSERT INTO `job` VALUES (534, 'จินวดี', 'อินพล', 14, 810723784, 'jinwadee@hotmail.com', 4, 'ขอปริ้นสีจำนวน 30แผ่น เครื่อง Kyocera FS-C8520 MFP KX', '2016-12-01', '08:33:27', '2016-12-01', '11:06:59', 'Complete', 'ดำเนินการให้เรียบร้อยครับ       ', 'Jakkrit thipyarn (IT)', 'หากติดปัญหา หรือมีข้อสงสัยเพิ่มเติม กรุณาโทรแจ้ง 202 ฝ่าย IT');
INSERT INTO `job` VALUES (535, 'มณฑิชา ', 'จำปาศรี', 17, 800063680, 'monticha@fameline.com', 1, 'รบกวนลงโปรแกรม PLC ค่ะ\r\n( โปรแกรมมีแล้วค่ะ )', '2016-12-06', '15:30:11', '2016-12-07', '09:04:21', 'Complete', 'ดำเนินการติดตั้งให้เรียบร้อยครับ     ', 'Jakkrit thipyarn (IT)', 'หากติดปัญหา หรือมีข้อสงสัยเพิ่มเติม กรุณาโทรแจ้ง 202 ฝ่าย IT');
INSERT INTO `job` VALUES (536, 'Ruji', 'Sonjaroon', 11, 427, 'ruji@fameline.com', 5, 'ช่วยเพิ่มเมล์ให้สาขาที่อินเดีย ชื่อเมล์\r\nprojects@fameline.com\r\nเสร็จแล้วรบกวนช่วยแจ้งกลับ user name & password ด้วยค่ะ ทางเราจะได้แจ้งให้ทางอินเดียทราบค่ะ', '2016-12-07', '10:06:13', '2016-12-07', '10:57:16', 'Complete', 'ดำเนินการเพิ่มให้เรียบร้อยครับ     ', 'Jakkrit thipyarn (IT)', 'หากติดปัญหา หรือมีข้อสงสัยเพิ่มเติม กรุณาโทรแจ้ง 202 ฝ่าย IT');
INSERT INTO `job` VALUES (537, 'วรวุฒิ', 'เติมปิยกุล', 5, 303, 'vorawut@fameline.com', 2, 'ขอเปิดใช้งาน ERP ครับ', '2016-12-07', '16:39:10', '2016-12-09', '10:31:15', 'Complete', '  ดำเนินการให้เรียบร้อยครับ     ', 'Jakkrit thipyarn (IT)', 'หากติดปัญหา หรือมีข้อสงสัยเพิ่มเติม กรุณาโทรแจ้ง 202 ฝ่าย IT');
INSERT INTO `job` VALUES (538, 'Nitiwit', 'Inngam', 3, 982711653, 'nitiwit.i@fameline.com', 3, 'ขอ User name และ รหัสผ่าน Order Tracking', '2016-12-08', '16:39:23', '2016-12-09', '08:49:41', 'Complete', 'ดำเนินการสร้างให้เรียบร้อยแล้วครับ    ', 'Jakkrit thipyarn (IT)', 'หากติดปัญหา หรือมีข้อสงสัยเพิ่มเติม กรุณาโทรแจ้ง 202 ฝ่าย IT');
INSERT INTO `job` VALUES (539, 'นนท์ปวิธ', 'ทับทิมศรี', 13, 863325148, 'ืnonpawit@fameline.com', 2, 'ขอ Username , Password เพื่อใช้งาน Order Tracking Application', '2016-12-08', '16:46:15', '2016-12-09', '09:12:17', 'Complete', 'ดำเนินการสร้างให้เรียบร้อยครับ    ', 'Jakkrit thipyarn (IT)', 'หากติดปัญหา หรือมีข้อสงสัยเพิ่มเติม กรุณาโทรแจ้ง 202 ฝ่าย IT');
INSERT INTO `job` VALUES (540, 'นายณัฐกมล', 'ธรรมกันมา', 15, 135, 'planning@fameline.com', 3, 'ขอ visual server และ user ใน visual server\r\nUsername : dummy_WH เป็นตัวแทนคลังสินค้าใช้ทำรับ GR\r\nUsername : dummy_DL เป็นตัวแทนการจัดส่งสินค้า การแพ็คสินค้า\r\nUsername : dummy_PL เป็นตัวแทนการวางแผนผลิต\r\nUsername : dummy_AC เป็นตัวแทนของบัญชี อนุมัติเครดิตและจ่ายเงินงวดสุดท้ย\r\nUsername : dummy_PU เป็นตัวแทนของจัดซื้อใช้ตั้งและตอบ SO\r\nUsername : dummy_SO เป็นตัวแทนของจนท. ขาย ใช้เปิด SO\r\nส่วน password กมลขอเป็นง่ายๆ เช่น 123abc เหมือนกันหมด\r\n', '2016-12-09', '08:22:26', '0000-00-00', '00:00:00', 'Complete', ' ', ' ', ' ');
INSERT INTO `job` VALUES (541, 'นายณัฐกมล', 'ธรรมกันมา', 15, 135, 'planning@fameline.com', 3, 'ขอ username และ PW สำหรับ order tracking application', '2016-12-09', '08:25:09', '2016-12-09', '09:45:11', 'Complete', 'ดำเนินการสร้างให้เรียบร้อยครับ       ', 'Jakkrit thipyarn (IT)', 'หากติดปัญหา หรือมีข้อสงสัยเพิ่มเติม กรุณาโทรแจ้ง 202 ฝ่าย IT');
INSERT INTO `job` VALUES (542, 'สุรีรัตน์ ', 'ทองเดช', 2, 424, 'sureerat.t@fameline.com', 1, 'ขอ username และ PW สำหรับ order tracking application  ', '2016-12-09', '09:59:23', '2016-12-09', '10:18:58', 'Complete', '      ดำเนินการสร้างให้เรียบร้อยครับ ', 'Jakkrit thipyarn (IT)', 'หากติดปัญหา หรือมีข้อสงสัยเพิ่มเติม กรุณาโทรแจ้ง 202 ฝ่าย IT');
INSERT INTO `job` VALUES (543, 'กรรภิรมย์', 'แสงอนันต์', 2, 416, 'kanpirom@fameline.com', 1, 'ขอ user name และ password  order tracking', '2016-12-09', '10:04:06', '2016-12-09', '10:18:47', 'Complete', 'ดำเนินการสร้างให้เรียบร้อยครับ', 'Jakkrit thipyarn (IT)', 'หากติดปัญหา หรือมีข้อสงสัยเพิ่มเติม กรุณาโทรแจ้ง 202 ฝ่าย IT');
INSERT INTO `job` VALUES (544, 'นายณัฐกมล', 'ธรรมกันมา', 15, 135, 'raveepak@fameline.com', 3, 'ขอ username and password ระบบ order tracking\r\nให้พนักงานดังต่อไปนี้\r\nอีเมล์ \r\nraveepak@fameline.com สังกัดวางแผนแพ็คกิ้งจัดส่ง\r\nsongsak@fameline.com สังกัดคลังแพ็คกิ้งจัดส่ง\r\nyaowalak@fameline.com สังกัดคลังแพ็คกิ้งจัดส่ง\r\nsophita@fameline.com สังกัดคลังแพ็คกิ้งจัดส่ง\r\npoolwanai@fameline.com สังกัดวางแผน\r\nขอบคุณครับ\r\n', '2016-12-09', '10:41:38', '2016-12-09', '11:19:36', 'Complete', 'ดำเนินการสร้างให้เรียบร้อยครับ   ', 'Jakkrit thipyarn (IT)', 'หากติดปัญหา หรือมีข้อสงสัยเพิ่มเติม กรุณาโทรแจ้ง 202 ฝ่าย IT');
INSERT INTO `job` VALUES (545, 'Duentem', 'Paijaroen', 12, 100, 'duentem@fameline.com', 3, 'ขอ User name/Password เพื่อใช้งาน Order Tracking \r\n\r\n10477  เดือนเต็ม ไผ่เจริญ ', '2016-12-09', '10:53:30', '2016-12-09', '11:27:59', 'Complete', 'ดำเนินการสร้างให้เรียบร้อยครับ     ', 'Jakkrit thipyarn (IT)', 'หากติดปัญหา หรือมีข้อสงสัยเพิ่มเติม กรุณาโทรแจ้ง 202 ฝ่าย IT');
INSERT INTO `job` VALUES (546, 'พรวิภา', 'จันทร์ลา', 14, 84, 'pornvipa@fameline.com', 3, 'เข้า Intraweb ไม่ได้   IP 2.154', '2016-12-09', '11:43:08', '2016-12-09', '13:51:07', 'Complete', 'ดำเนินการแก้ไขให้เรียบร้อยแล้วครับ\r\nไม่ทราบว่าเข้าใช้ได้หรือยังครับ ', 'Jakkrit thipyarn (IT)', 'หากติดปัญหา หรือมีข้อสงสัยเพิ่มเติม กรุณาโทรแจ้ง 202 ฝ่าย IT');
INSERT INTO `job` VALUES (547, 'พิชญาดา', 'แย้มขำ', 7, 435, 'chanida@fameline.com', 3, 'รบกวนแอด User เข้าใช้ระบบ Order Tracking', '2016-12-09', '15:15:18', '2016-12-09', '16:45:14', 'Complete', 'ดำเนินการสร้างให้เรียบร้อยครับ', 'Jakkrit thipyarn (IT)', 'หากติดปัญหา หรือมีข้อสงสัยเพิ่มเติม กรุณาโทรแจ้ง 202 ฝ่าย IT');
INSERT INTO `job` VALUES (548, 'มนัสสมิธ', 'คล้อยเอี่ยม', 3, 120, 'manassamit@fameline.com', 2, 'รบกวนขอรหัส username passwords ของโปรแกรม order tracking ค่ะ', '2016-12-09', '16:03:36', '2016-12-09', '17:04:11', 'Complete', 'ดำเนินการสร้างให้เรียบร้อยครับ', 'Jakkrit thipyarn (IT)', 'หากติดปัญหา หรือมีข้อสงสัยเพิ่มเติม กรุณาโทรแจ้ง 202 ฝ่าย IT');
INSERT INTO `job` VALUES (549, 'pisanu', 'chimmalee', 2, 417, 'pisanu@fameline.com', 5, 'ขอ user password  ของ order tacking  ครับ            ', '2016-12-12', '11:55:37', '2016-12-13', '12:01:31', 'Complete', 'ดำเนินการสร้างให้เรียบร้อยครับ     ', 'Jakkrit thipyarn (IT)', 'หากติดปัญหา หรือมีข้อสงสัยเพิ่มเติม กรุณาโทรแจ้ง 202 ฝ่าย IT');
INSERT INTO `job` VALUES (550, 'มณฑิชา', 'จำปาศรี', 17, 800063680, 'monticha@fameline.com', 3, 'รบกวนกู้ข้อมูล PR ทั้งหมด ปี 55-56 ในห้อง Engineering \r\nfolder monticha  ', '2016-12-13', '11:51:33', '2017-01-07', '10:02:21', 'Pending', 'จะเร่งดำเนินการกู้ข้อมูลให้ครับ            ', 'Jakkrit thipyarn (IT)', 'หากติดปัญหา หรือมีข้อสงสัยเพิ่มเติม กรุณาโทรแจ้ง 202 ฝ่าย IT');
INSERT INTO `job` VALUES (551, 'Chuthamas', 'Chanchad', 14, 102, 'chuthamas@fameline.com', 3, 'กริ่งดังเร็วกว่าเครื่องแสกนนิ้ว 3 นาที', '2016-12-15', '08:09:45', '2016-12-19', '15:16:37', 'Complete', ' ดำเนินการแก้ไขให้เรียบร้อยครับ    ', 'JAKKRIT THIPYARN (IT)', 'หากติดปัญหา หรือมีข้อสงสัยเพิ่มเติม กรุณาโทรแจ้ง 202 ฝ่าย IT');
INSERT INTO `job` VALUES (552, 'Chuthamas', 'ChanChad', 14, 102, 'chuthamas@fameline.com', 3, 'เช้าวันที่ 16/12/2016  กริ่งไม่ดัง', '2016-12-16', '08:09:39', '0000-00-00', '00:00:00', 'Complete', ' ', ' ', ' ');
INSERT INTO `job` VALUES (553, 'sunisa', 'seela', 15, 824882988, 'sunisa@fameline.com', 1, 'ต้องการ Username กับ Password ของออเดอร์แท๊กกิ้ง ของ คุณจรัส ผู้จัดการคลังสินค้าคะ IP192.168.2.158 คะ', '2016-12-17', '14:22:35', '2016-12-26', '09:20:25', 'Complete', 'ดำเนินการสร้างให้เรียบร้อยครับ', 'JAKKRIT THIPYARN (IT)', 'หากติดปัญหา หรือมีข้อสงสัยเพิ่มเติม กรุณาโทรแจ้ง 202 ฝ่าย IT');
INSERT INTO `job` VALUES (554, 'จักรพันธ์', 'ไชยนุรักษ์', 5, 122, 'chakkraphan@fameline.com', 3, 'ขอใช้งาน you tube หน่อยครับ ip 192.168.2.34            ขอบคุณครับ', '2016-12-19', '08:25:34', '0000-00-00', '00:00:00', 'Complete', ' ', ' ', ' ');
INSERT INTO `job` VALUES (555, 'ฐิตอาภา', 'คล้ามเคลือ', 8, 319, 'thidapha@fameline.com', 3, 'รบกวนขอชื่อผู้ใช้ และรหัสผ่านเข้าใช้งาน Order Tracking ค่ะ', '2016-12-19', '09:24:14', '0000-00-00', '00:00:00', 'Complete', ' ', ' ', ' ');
INSERT INTO `job` VALUES (556, 'สถิตย์ภรณ์', 'เรือนดี', 14, 102, 'satitporn@fameline.com', 4, 'ปริ้นสี 10 แผ่น', '2016-12-19', '11:27:04', '2016-12-19', '11:50:27', 'Complete', 'ดำเนินการเพิ่มให้เรียบร้อยครับ       ', 'JAKKRIT THIPYARN (IT)', ' หากติดปัญหา หรือมีข้อสงสัยเพิ่มเติม กรุณาโทรแจ้ง 202 ฝ่าย IT');
INSERT INTO `job` VALUES (557, 'มนัชยา', 'ลับเนตร', 7, 434, 'ratsarin@fameline.com', 3, 'รบกวนแอด User เข้าใช้ระบบ Order Tracking    ', '2016-12-19', '13:17:02', '2016-12-19', '14:58:26', 'Complete', ' ดำเนินการสร้างให้เรียบร้อยครับ ', 'JAKKRIT THIPYARN (IT)', 'หากติดปัญหา หรือมีข้อสงสัยเพิ่มเติม กรุณาโทรแจ้ง 202 ฝ่าย IT');
INSERT INTO `job` VALUES (558, 'Ruji', 'Sonjaroon', 11, 427, 'ruji@fameline.com', 3, 'รบกวนช่วยเพิ่ม user name ให้ฝ่ายต่างประเทศ 2 คนดังนี้\r\n-รุจิ\r\n-ทิพย์วรรณ', '2016-12-19', '16:51:15', '2016-12-20', '12:19:57', 'Complete', 'ดำเนินการสร้างให้เรียบร้อยครับ', 'JAKKRIT THIPYARN (IT)', 'หากติดปัญหา หรือมีข้อสงสัยเพิ่มเติม กรุณาโทรแจ้ง 202 ฝ่าย IT');
INSERT INTO `job` VALUES (559, 'Sirichai', 'Kordcunta', 17, 899388528, 'sirichai@fameline.com', 1, 'แจ้งติดตั้งโปรแกรม SketchUp เพื่อใช้สำหรับการเขียนแบบงานครับ\r\n\r\nIP No. :  192.168.2.160\r\n\r\nขอบคุณครับ', '2016-12-21', '15:38:29', '2017-01-07', '09:58:50', 'Complete', ' IT จะทำการ remote ไปลงโปรแกรมให้ครับ       ', 'JAKKRIT THIPYARN (IT)', 'หากติดปัญหา หรือมีข้อสงสัยเพิ่มเติม กรุณาโทรแจ้ง 202 ฝ่าย IT');
INSERT INTO `job` VALUES (560, 'Ruji', 'Sonjaroon', 11, 427, 'ruji@fameline.com', 5, 'ขอ user name กับ pass word ของอีเมล์\r\nhameed@fameline.com เนื่องจากพนักงานที่เคยใช้อีเมล์ลาออก เลยอยากขอรหัสเพื่อเข้าไปดูเมล์ และอยากให้ตั้ง auto forward เมล์ไปที่ tg@fameline.com', '2016-12-22', '10:48:13', '2016-12-23', '11:04:30', 'Complete', 'ดำเนินการให้เรียบร้อยครับ       ', 'JAKKRIT THIPYARN (IT)', 'หากติดปัญหา หรือมีข้อสงสัยเพิ่มเติม กรุณาโทรแจ้ง 202 ฝ่าย IT');
INSERT INTO `job` VALUES (561, 'rangsun ', 'pithong', 15, 818265491, 'rangsun@fameline.com', 1, 'ขอรหัสผ่านผู้ใช้ ORDER TACKING', '2016-12-26', '09:02:46', '2016-12-26', '09:36:39', 'Complete', ' ดำเนินการสร้างให้เรียบร้อยครับ      ', 'JAKKRIT THIPYARN (IT)', 'หากติดปัญหา หรือมีข้อสงสัยเพิ่มเติม กรุณาโทรแจ้ง 202 ฝ่าย IT');
INSERT INTO `job` VALUES (562, 'จิรศักดิ์', 'รักษ์จันทร์', 4, 816994067, 'jirasak@fameline.com', 4, 'ช่วยเซ็ตไดร์เวอร์เครื่องปริ้นให้ด้วยครับ\r\n', '2016-12-26', '09:21:43', '2016-12-26', '11:48:40', 'Complete', 'ดำเนินการให้เรียบร้อยครับ', 'JAKKRIT THIPYARN (IT)', 'หากติดปัญหา หรือมีข้อสงสัยเพิ่มเติม กรุณาโทรแจ้ง 202 ฝ่าย IT');
INSERT INTO `job` VALUES (578, 'เกรียงไกร', 'มิ่งมงคล', 11, 424, 'kriangkrai@fameline.com', 1, 'จะรบกวนให้ลงโปรแกรม sketch up ให้ครับ เพราะจะเอามาใช้ดูงานที่ทำ showroom in cambodia เพราะว่าเขาเขียนมาใน sketch up ', '2017-01-16', '08:10:31', '2017-01-16', '08:56:12', 'Complete', 'ดำเนินการลงให้เรียบร้อยแล้วครับ     ', 'JAKKRIT THIPYARN (IT)', 'หากติดปัญหา หรือมีข้อสงสัยเพิ่มเติม กรุณาโทรแจ้ง 202 ฝ่าย IT');
INSERT INTO `job` VALUES (564, 'นายณัฐกมล', 'ธรรมกันมา', 15, 135, 'planning@fameline.com', 4, 'ต้องการ share printer จากเครื่อง ip 192.168.2.135 ให้กับเครื่อง 192.168.2.21 ครับ', '2016-12-29', '16:48:02', '2016-12-30', '09:18:29', 'Complete', 'เรียนคุณ ณัฐกมล\r\nIP 192.168.2.21 เป็นเครื่อง server\r\nรบกวนขอ IP ใหม่ด้วยครับ', 'JAKKRIT THIPYARN (IT)', 'หากติดปัญหา หรือมีข้อสงสัยเพิ่มเติม กรุณาโทรแจ้ง 202 ฝ่าย IT');
INSERT INTO `job` VALUES (565, 'yaowalak', 'Kerdsawat', 15, 131, 'yaowalak@fameline.com', 4, 'ไอทีซัพพอร์ต รบกวนขอควมช่วยเหลือ ลงไดรฟ์เวอร์ปริ้นเตอร์ LQ310 ให้ ด้วยค่ะ\r\n\r\nขอบคุณค่ะ', '2016-12-29', '17:01:33', '2016-12-30', '09:08:49', 'Complete', ' ดำเนินการให้เรียบร้อยแล้วครับ     ', 'JAKKRIT THIPYARN (IT)', 'หากติดปัญหา หรือมีข้อสงสัยเพิ่มเติม กรุณาโทรแจ้ง 202 ฝ่าย IT');
INSERT INTO `job` VALUES (566, 'สถิตย์ภรณ์', 'เรือนดี', 14, 102, 'satitporn@fameline.com', 4, ' ปริ้นสี 20 แผ่น', '2016-12-30', '08:48:10', '2016-12-30', '09:08:26', 'Complete', 'ดำเนินการให้เรียบร้อยแล้วครับ      ', 'JAKKRIT THIPYARN (IT)', 'หากติดปัญหา หรือมีข้อสงสัยเพิ่มเติม กรุณาโทรแจ้ง 202 ฝ่าย IT');
INSERT INTO `job` VALUES (567, 'Chuthamas', 'ChanChad', 14, 102, 'chuthamas@fameline.com', 4, 'ขอปริ้นสี  2  แผ่นค่ะ', '2017-01-05', '09:15:58', '2017-01-05', '10:38:52', 'Complete', 'ดำเนินการเพิ่มให้เรียบร้อยครับ      ', 'JAKKRIT THIPYARN (IT)', 'หากติดปัญหา หรือมีข้อสงสัยเพิ่มเติม กรุณาโทรแจ้ง 202 ฝ่าย IT');
INSERT INTO `job` VALUES (568, 'จินวดี', 'อินพล', 14, 810723784, 'jinwadee@hotmail.com', 4, 'ขอปริ้นเอกสารสี 30 แผ่น เครื่อง Kyocera FS-C8520MFP KX', '2017-01-05', '09:29:29', '2017-01-05', '10:39:10', 'Complete', 'ดำเนินการเพิ่มให้เรียบร้อยครับ     ', 'JAKKRIT THIPYARN (IT)', 'หากติดปัญหา หรือมีข้อสงสัยเพิ่มเติม กรุณาโทรแจ้ง 202 ฝ่าย IT');
INSERT INTO `job` VALUES (569, 'สถิตย์ภรณ์', 'เรือนดี', 14, 102, 'satitporn@fameline.com', 1, 'ต้องการจองห้องประชุมวันที่ 10/1/2560\r\nห้องประชุมโรง1 ฝั่งพานทอง', '2017-01-05', '14:05:39', '2017-01-06', '08:52:50', 'Complete', 'ดำเนินการให้เรียบร้อยครับ       ', 'JAKKRIT THIPYARN (IT)', 'หากติดปัญหา หรือมีข้อสงสัยเพิ่มเติม กรุณาโทรแจ้ง 202 ฝ่าย IT');
INSERT INTO `job` VALUES (570, 'Chuthamas', 'ChanChad', 14, 102, 'chuthamas@fameline.com', 3, 'กริ่งดังเร็วกว่านาฬิกา โลก 3 นาที', '2017-01-05', '17:06:02', '2017-01-06', '14:45:54', 'Complete', 'ดำเนินการแก้ไขให้เรียบร้อยครับ     ', 'JAKKRIT THIPYARN (IT)', 'หากติดปัญหา หรือมีข้อสงสัยเพิ่มเติม กรุณาโทรแจ้ง 202 ฝ่าย IT');
INSERT INTO `job` VALUES (571, 'นริศรา', 'สุทธิ์กร', 15, 135, 'ืnaissara@fameline.com', 2, 'ตัวหนังสือใน ERP หายค่ะ\r\nIP 192.168.2.91', '2017-01-06', '10:29:55', '2017-01-20', '13:46:09', 'Complete', 'ดำเนินการแก้ไขให้เรียบร้อยครับ ', 'JAKKRIT THIPYARN (IT)', 'หากติดปัญหา หรือมีข้อสงสัยเพิ่มเติม กรุณาโทรแจ้ง 202 ฝ่าย IT');
INSERT INTO `job` VALUES (572, 'Chuthamas', 'Chanchad', 14, 102, 'chuthamas@fameline.com', 3, 'กริ่งเร็วกว่าเครื่องแสกนนิ้ว  3 นาที ', '2017-01-07', '17:02:45', '2017-01-11', '11:58:31', 'Complete', 'จะเร่งดำเนินการแก้ไขให้ครับ     ', 'JAKKRIT THIPYARN (IT)', 'หากติดปัญหา หรือมีข้อสงสัยเพิ่มเติม กรุณาโทรแจ้ง 202 ฝ่าย IT');
INSERT INTO `job` VALUES (573, 'sunisa', 'seela', 15, 824880988, 'sunisa@fameline.com', 1, 'คีย์บอร์ดเสีย ขอเปลี่ยนคะ', '2017-01-10', '09:31:55', '2017-01-11', '11:56:05', 'Complete', 'ดำเนินการให้เรียบร้อยครับ ฝากไปทางจัดส่ง        ', 'JAKKRIT THIPYARN (IT)', 'หากติดปัญหา หรือมีข้อสงสัยเพิ่มเติม กรุณาโทรแจ้ง 202 ฝ่าย IT');
INSERT INTO `job` VALUES (574, 'ศุภชัย', 'ผ่องใส', 1, 412, 'supachai.p@fameline.com', 2, 'ขอเพิ่มสิทธิการใช้งานระบERPเพื่อใช้เปิดPR', '2017-01-10', '10:30:02', '2017-01-10', '11:06:37', 'Complete', 'ดำเนินการให้เรียบร้อยแล้วครับ      ', 'JAKKRIT THIPYARN (IT)', 'หากติดปัญหา หรือมีข้อสงสัยเพิ่มเติม กรุณาโทรแจ้ง 202 ฝ่าย IT');
INSERT INTO `job` VALUES (575, 'Nitiwit', 'Inngam', 3, 982711653, 'nitiwit.i@fameline.com', 5, 'Order tracking mail set up / application set up ', '2017-01-11', '11:53:37', '2017-01-23', '12:29:09', 'Complete', 'ดำเเนินการแก้ไขให้เรียบร้อยครับ       ', 'JAKKRIT THIPYARN (IT)', 'หากติดปัญหา หรือมีข้อสงสัยเพิ่มเติม กรุณาโทรแจ้ง 202 ฝ่าย IT');
INSERT INTO `job` VALUES (576, 'สถิตย์ภรณ์', 'เรือนดี', 14, 102, 'satitporn@fameline.com', 4, 'เครื่องถ่ายเอกสารเป็นเส้นเวลาฟีดเอกสาร\r\nเครื่องถ่ายเอกสารเป็นรอยจุดดำๆด้านท้ายของกระดาษเวลาปริ้นงาน รบกวนดำเนินการให้ด่วนเนื่องจากต้องปริ้นเอกสารสำคัญของบริษัทส่งกรมสรรพากร', '2017-01-12', '10:23:01', '2017-01-17', '08:30:34', 'Complete', 'ดำเนินการแก้ไขให้เรียบร้อยครับ\r\n\r\n                   ', 'JAKKRIT THIPYARN (IT)', 'หากติดปัญหา หรือมีข้อสงสัยเพิ่มเติม กรุณาโทรแจ้ง 202 ฝ่าย IT');
INSERT INTO `job` VALUES (577, 'ฉลอง', 'ประมาณ', 13, 914106981, 'chalong@fameline.com', 1, 'รบกวนขอ Mouse ทดแทนเนื่องจากชำรุด เครื่อง No.192.168.2.139 ด้วยครับ', '2017-01-12', '10:51:55', '2017-01-12', '17:02:58', 'Complete', 'ดำเนินการให้เรียบร้อยครับ\r\nฝากไปทางจัดส่ง       ', 'JAKKRIT THIPYARN (IT)', 'หากติดปัญหา หรือมีข้อสงสัยเพิ่มเติม กรุณาโทรแจ้ง 202 ฝ่าย IT');
INSERT INTO `job` VALUES (579, 'อาภาพร', 'เนียมถนอม', 8, 853701628, 'arphaporn@fameline.com', 1, 'ขอเปลี่ยน อุปกรณ์ เมาส์เนื่องจากอันเดิมชำรุด ปุ่มกดตรงกลางไม่ติด จึงขอเปลี่ยนอันใหม่ค่ะ', '2017-01-17', '12:13:11', '2017-01-18', '12:11:14', 'Complete', ' ดำเนินการให้เรียบร้อยครับ    ', 'JAKKRIT THIPYARN (IT)', 'หากติดปัญหา หรือมีข้อสงสัยเพิ่มเติม กรุณาโทรแจ้ง 202 ฝ่าย IT');
INSERT INTO `job` VALUES (580, 'ศรีสกุล', 'เภาชิต', 8, 870223267, 'srisakul@fameline.com', 1, 'ขอเปลี่ยนอุปกรณ์ เมาส์ เนื่องจากอันเดิมชำรุด และไม่สะดวกในการเคลื่อนย้าย จึงขอเปลี่ยนเป็นแบบไล้สายค่ะ', '2017-01-17', '12:17:20', '2017-01-18', '12:10:52', 'Complete', 'ดำเนินการให้เรียบร้อยครับ       ', 'JAKKRIT THIPYARN (IT)', 'หากติดปัญหา หรือมีข้อสงสัยเพิ่มเติม กรุณาโทรแจ้ง 202 ฝ่าย IT');
INSERT INTO `job` VALUES (581, 'บุษบา', 'อาปัจชิง', 16, 922255569, 'qc4@fameline.com', 3, 'ขอ Backup ข้อมูลที่ถูกลบ เป็นรายงานประจำวัน ปี 59 ของ QA_Internal จัดเก็บไว้ใน Folder 02_รายงานประจำวัน Daily Report  ไฟล์ที่หายไป รายงานประจำวัน Fromming, Coating 1, Final  ต้องการใช้ข้อมูลด่วนค่ะ', '2017-01-17', '14:57:12', '2017-01-20', '13:48:57', 'Pending', 'จะเร่งดำเนินการตรวจสอบให้ครับ      ', 'JAKKRIT THIPYARN (IT)', 'หากติดปัญหา หรือมีข้อสงสัยเพิ่มเติม กรุณาโทรแจ้ง 202 ฝ่าย IT');
INSERT INTO `job` VALUES (582, 'มณฑิชา', 'จำปาศรี', 17, 909786620, 'monticha@fameline.com', 5, 'จาก E-Mail รบกวนช่วยเพิ่มเข้า All User  ของ Mail ค่ะ\r\n1. Teerapong@fameline.com\r\n2. unalin@fameline.com', '2017-01-18', '11:23:06', '2017-01-18', '11:59:32', 'Complete', 'ดำเนินการเพิ่มให้เรียบร้อยแล้วครับ    ', 'JAKKRIT THIPYARN (IT)', 'หากติดปัญหา หรือมีข้อสงสัยเพิ่มเติม กรุณาโทรแจ้ง 202 ฝ่าย IT');
INSERT INTO `job` VALUES (583, 'จรรยามนฑน์', 'กำพุธ', 4, 304, 'chanyamon@fameline.com', 3, 'รบกวนปลดบล๊อคการเข้าอินเตอร์เน็ตค่ะ เนื่องจากต้องการเข้าไปดูข้อมูลโรงแรมเพื่อจัดทริปให้ลูกค้า ค่ะ ขอบคุณค่ะ', '2017-01-18', '15:18:07', '2017-01-18', '16:58:24', 'Complete', 'ดำเนินการให้เรียบร้อยครับ       ', 'JAKKRIT THIPYARN (IT)', 'หากติดปัญหา หรือมีข้อสงสัยเพิ่มเติม กรุณาโทรแจ้ง 202 ฝ่าย IT');
INSERT INTO `job` VALUES (584, 'เนียรวิภา ', 'ดอนโมกข์', 4, 435, 'admin-Saleinterior@fameline.com', 2, 'ขอ User Name เข้า ERP', '2017-01-18', '16:42:39', '2017-01-18', '16:56:20', 'Complete', 'ดำเนินการให้เรียบร้อยครับ\r\n********ERP********\r\nID             neanwipa\r\npassword  neanwipa          ', 'JAKKRIT THIPYARN (IT)', 'หากติดปัญหา หรือมีข้อสงสัยเพิ่มเติม กรุณาโทรแจ้ง 202 ฝ่าย IT');
INSERT INTO `job` VALUES (585, 'เนียรวิภา', 'ดอนโมกข์', 4, 304, 'admin-saleinterior@fameline.com', 2, 'รบกวนเพิ่มชื่อเซลล์ลงระบบ ERP รายชื่อที่แนบมีดังนี้\r\n1.10189 นางสาวทิพย์วดี แก้วยาว\r\n  ขอบคุณค่ะ ', '2017-01-19', '09:08:02', '2017-01-19', '11:44:32', 'Complete', 'ดำเนินการสร้างให้เรียบร้อยครับ\r\n ', 'JAKKRIT THIPYARN (IT)', 'หากติดปัญหา หรือมีข้อสงสัยเพิ่มเติม กรุณาโทรแจ้ง 202 ฝ่าย IT');
INSERT INTO `job` VALUES (586, 'กรรณ', 'จงวัฒนา', 8, 641156156, 'ghan.76@gmail.com', 2, 'ของลงโปรแกรม ERPและขอuser name-password ', '2017-01-19', '09:26:42', '2017-01-20', '08:38:48', 'Complete', 'ดำเนินการสร้างให้เรียบร้อยครับ  ส่วนลงโปรแกรม รบกวนส่ง IP COMPUTER มาให้ IT ครับ IT จะดำเนินการลงให้     ', 'JAKKRIT THIPYARN (IT)', 'หากติดปัญหา หรือมีข้อสงสัยเพิ่มเติม กรุณาโทรแจ้ง 202 ฝ่าย IT');
INSERT INTO `job` VALUES (587, 'พิราภรณ์', 'สุขวัฒน์', 8, 316, 'boodsabong@fameline.com', 1, 'แจ้งเม้าส์ไม่สามารถใช้งานได้ตามปกติ', '2017-01-19', '14:20:06', '2017-01-19', '16:31:38', 'Complete', 'ดำเนินการแก้ไขให้เรียบร้อยแล้วครับ      ', 'JAKKRIT THIPYARN (IT)', 'หากติดปัญหา หรือมีข้อสงสัยเพิ่มเติม กรุณาโทรแจ้ง 202 ฝ่าย IT');
INSERT INTO `job` VALUES (588, 'จันทรวิมล', 'คำเติม', 13, 86, 'admin_FL2@fameline.com', 3, 'รบกวนขอรหัสผ่าน เพื่อจองห้องประชุมของฝ่ายผลิต FL.2 ค่ะ', '2017-01-19', '14:41:03', '2017-01-19', '16:34:58', 'Complete', ' ดำเนินการให้เรียบร้อยครับ      ', 'JAKKRIT THIPYARN (IT)', 'หากติดปัญหา หรือมีข้อสงสัยเพิ่มเติม กรุณาโทรแจ้ง 202 ฝ่าย IT');
INSERT INTO `job` VALUES (589, 'นายณัฐกมล', 'ธรรมกันมา', 15, 135, 'planning@fameline.com', 3, 'ขอเข้าถึง share folder ของจัดซื้อ\r\nชื่อไฟล์ที่จำเป็นคือ delivery file bond.xlsx ครับ', '2017-01-20', '14:57:13', '2017-01-26', '12:17:16', 'Complete', 'ดำเนินการให้เรียบร้อยแล้วครับ   ', 'JAKKRIT THIPYARN (IT)', 'หากติดปัญหา หรือมีข้อสงสัยเพิ่มเติม กรุณาโทรแจ้ง 202 ฝ่าย IT');
INSERT INTO `job` VALUES (590, 'ญาดา', 'สาวิสิทธิ์', 15, 922245460, 'yada@fameline.com', 1, 'ขอสายชาร์ทโทรศัพท์เพิ่ม ค่ะ เนื่องจากที่มีอยู่ไม่พอใช้ค่ะ ', '2017-01-23', '09:19:30', '2017-01-23', '12:20:45', 'Complete', 'ดำเนินการส่งให้เรียบร้อยครับ ฝากไปทางจัดส่ง', 'JAKKRIT THIPYARN (IT)', 'หากติดปัญหา หรือมีข้อสงสัยเพิ่มเติม กรุณาโทรแจ้ง 202 ฝ่าย IT');
INSERT INTO `job` VALUES (591, 'เนียรวิภา', 'ดอนโมกข์', 4, 304, 'admim-saleinterior@fameline.com', 2, 'โปรแกรม ERP ใช้ไม่ได้ค่ะ', '2017-01-23', '09:34:03', '2017-01-23', '12:32:39', 'Complete', ' ดำเนินการแก้ไขให้เรียบร้อยครับ      ', 'JAKKRIT THIPYARN (IT)', 'หากติดปัญหา หรือมีข้อสงสัยเพิ่มเติม กรุณาโทรแจ้ง 202 ฝ่าย IT');
INSERT INTO `job` VALUES (592, 'Oraphan', 'phromphuak', 9, 314, 'oraphan@fameline.com', 4, 'เครื่อง  HP Designjet ไม่ดูดกระดาษ Roll ค่ะ\r\n          ', '2017-01-23', '12:04:36', '2017-01-23', '12:24:59', 'Complete', 'ดำเนินการแก้ไขให้เรียบร้อยครับ       ', 'JAKKRIT THIPYARN (IT)', 'หากติดปัญหา หรือมีข้อสงสัยเพิ่มเติม กรุณาโทรแจ้ง 202 ฝ่าย IT');
INSERT INTO `job` VALUES (593, 'จินวดี', 'อินพล', 14, 810723784, 'jinwadee@fameline.com', 4, 'ปริ้นเอกสารสี จำนวน 5 แผ่น เครื่อง KYOCERA FS-C8520MFP', '2017-01-25', '10:22:55', '2017-01-25', '11:54:44', 'Complete', 'เพิ่มให้เรียบร้อยครับ     ', 'JAKKRIT THIPYARN (IT)', 'หากติดปัญหา หรือมีข้อสงสัยเพิ่มเติม กรุณาโทรแจ้ง 202 ฝ่าย IT');
INSERT INTO `job` VALUES (594, 'จรรยามนฑน์', 'กำพุธ', 4, 304, 'chanyamon@fameline.com', 1, 'ขอPassword เข้า ระบบการจองห้องประชุมของฝ่ายMarketingค่ะ', '2017-01-25', '11:36:01', '2017-01-25', '11:52:50', 'Complete', 'ดำเนินการให้เรียบร้อยครับ       ', 'JAKKRIT THIPYARN (IT)', 'หากติดปัญหา หรือมีข้อสงสัยเพิ่มเติม กรุณาโทรแจ้ง 202 ฝ่าย IT');
INSERT INTO `job` VALUES (595, 'นายรวิภาส', 'ปทิต', 15, 984769997, 'raveepak@fameline.com', 4, 'ไม่สามารถ Print เอกสารที่เป็นไฟล์ PDF ได้ครับ\r\nรบกวนแก้ไขให้ด้วย', '2017-01-25', '13:08:36', '2017-01-26', '08:19:52', 'Complete', 'ดำเนินการแก้ไขให้เรียบร้อยครับ', 'JAKKRIT THIPYARN (IT)', 'หากติดปัญหา หรือมีข้อสงสัยเพิ่มเติม กรุณาโทรแจ้ง 202 ฝ่าย IT');
INSERT INTO `job` VALUES (596, 'ณัฐพล', 'พลทรัพย์ศิริ', 9, 307, 'ืืnattapon.p@fameline.com', 1, 'ขอลง Program photoshop ที่เครื่องด้วยครับ', '2017-01-26', '09:45:06', '2017-01-26', '11:03:15', 'Complete', ' ดำเนินการลงให้เรียบร้อยครับ     ', 'JAKKRIT THIPYARN (IT)', 'หากติดปัญหา หรือมีข้อสงสัยเพิ่มเติม กรุณาโทรแจ้ง 202 ฝ่าย IT');
INSERT INTO `job` VALUES (597, 'พรวิภา', 'จันทร์ลา', 14, 38, 'pornvipa@fameline.com', 4, 'ขอปริ้นสี  50 แผ่น', '2017-01-26', '13:11:22', '2017-01-26', '13:44:45', 'Complete', 'เพิ่มสีให้เรียบร้อยครับ       ', 'JAKKRIT THIPYARN (IT)', 'หากติดปัญหา หรือมีข้อสงสัยเพิ่มเติม กรุณาโทรแจ้ง 202 ฝ่าย IT');
INSERT INTO `job` VALUES (598, 'เนียรวิภา', 'ดอนโมกข์', 4, 304, 'admin-saleinterior@fameline.com', 2, 'ขอแอดชื่อทำนามบัตร (ของพนังงานใหม่) แผนกขายผลิตภัณฑ์ภายใน\r\nรายละเอียดดังนี้\r\nชื่อเจนบรูณ์ ปานมุข', '2017-01-27', '08:42:52', '2017-01-27', '14:37:33', 'Complete', 'ดำเนินการแอดให้เรียบร้อยครับ \r\nครั้งต่อไปรบกวนส่งการขอแอดต่างๆ ไปทาง Email Master.Data.ERP@fameline.com นะครับ ', 'JAKKRIT THIPYARN (IT)', 'หากติดปัญหา หรือมีข้อสงสัยเพิ่มเติม กรุณาโทรแจ้ง 202 ฝ่าย IT');
INSERT INTO `job` VALUES (599, 'Chuthamas', 'ChanChad', 14, 102, 'chuthamas@fameline.com', 3, 'เวลาเครื่องแสกนนิ้วเร็วกว่าเวลาแสกนนิ้ว 5 นาที   ด่วนนะคะ เดี๋ยวตอนเย็นมีปัญหากับพนักงานเลิกงาน และ พนักงานเข้ากะคะ', '2017-01-30', '13:06:11', '0000-00-00', '00:00:00', 'Pending', ' ', ' ', ' ');
INSERT INTO `job` VALUES (600, 'Ruji', 'Sonjaroon', 11, 427, 'ruji@fameline.com', 1, 'โปรแกรม PDF ใช้ไม่ได้ ', '2017-01-30', '13:48:13', '0000-00-00', '00:00:00', 'Pending', ' ', ' ', ' ');
INSERT INTO `job` VALUES (601, 'จินวดี', 'อินพล', 14, 810723784, 'jinwadee@fameline.com', 4, 'ปริ้นเอกสารสี 30 แผ่นค่ะ', '2017-01-31', '08:56:24', '2017-01-31', '09:22:19', 'Pending', 'ดำเนินการให้เรียบร้อยครับ   ', 'JAKKRIT THIPYARN (IT)', 'หากติดปัญหา หรือมีข้อสงสัยเพิ่มเติม กรุณาโทรแจ้ง 202 ฝ่าย IT');
INSERT INTO `job` VALUES (602, 'วิษณุ', 'มหัจฉริยวงศ์', 16, 897912626, 'wissanu@fameline.com', 3, 'ผมเป็นผจกQA คนใหม่ เพิ่มเริ่มงาน \r\nไม่สามารถเข้า server 0802 \\Quality Control ได้ รบกวนช่วยเซ็น authorize ให้ด้วยครับ', '2017-01-31', '10:01:01', '0000-00-00', '00:00:00', 'Pending', ' ', ' ', ' ');
INSERT INTO `job` VALUES (603, 'ไพฑูรย์', 'สุธรรม', 16, 868207010, 'paitoon@fameline.com', 3, 'ขอรหัสเข้าจองห้องประชุม ของฝ่ายQA', '2017-01-31', '10:15:43', '0000-00-00', '00:00:00', 'Pending', ' ', ' ', ' ');

-- --------------------------------------------------------

-- 
-- Table structure for table `type`
-- 

CREATE TABLE `type` (
  `type_id` int(11) NOT NULL auto_increment,
  `type_name` varchar(30) NOT NULL,
  PRIMARY KEY  (`type_id`)
) ENGINE=MyISAM  DEFAULT CHARSET=utf8 AUTO_INCREMENT=6 ;

-- 
-- Dumping data for table `type`
-- 

INSERT INTO `type` VALUES (1, 'Computer');
INSERT INTO `type` VALUES (2, 'ERP System');
INSERT INTO `type` VALUES (3, 'Network');
INSERT INTO `type` VALUES (4, 'Printer');
INSERT INTO `type` VALUES (5, 'Email');
